incident_id,pathogen_name,detection_date,region,location_lat,location_lon,case_count,source_type,ndvi_mean,tree_cover_pct,risk_score
INC-00000,Rift Valley Fever,2021-01-01 00:00:00.000000000,Nairobi,-1.0496833115177797,36.37928610654016,9,lab,0.41,25.5,0.683
INC-00001,Leptospirosis,2021-01-03 22:13:13.587174348,Lamu,-1.8830371132762922,40.86032204153651,13,lab,0.642,59.4,0.137
INC-00002,Avian Influenza H5N1,2021-01-06 20:26:27.174348697,Dar es Salaam,-6.371296802704808,38.837358057182044,1,lab,0.199,42.4,0.436
INC-00003,Avian Influenza H5N1,2021-01-09 18:39:40.761523046,Kampala,0.3512289251830992,32.234846710157576,5,lab,0.447,21.6,0.892
INC-00004,Crimean-Congo HF,2021-01-12 16:52:54.348697394,Kampala,0.3678711147405691,32.71480281303021,8,environmental,0.553,22.3,0.036
INC-00005,Mpox,2021-01-15 15:06:07.935871743,Garissa,-0.15334958923616354,39.53902639157023,8,environmental,0.322,25.8,0.457
INC-00006,Mpox,2021-01-18 13:19:21.523046092,Nairobi,-1.4719383082557989,37.23907545015499,12,environmental,0.621,2.2,0.661
INC-00007,Crimean-Congo HF,2021-01-21 11:32:35.110220440,Dar es Salaam,-6.454971637654931,39.027484494608075,0,lab,0.324,31.7,0.888
INC-00008,Crimean-Congo HF,2021-01-24 09:45:48.697394789,Mombasa,-4.049335353482577,39.8943861283839,12,lab,0.204,48.7,0.594
INC-00009,Crimean-Congo HF,2021-01-27 07:59:02.284569138,Nairobi,-1.6705322756647316,36.77832243015491,1,environmental,0.45,39.6,0.824
INC-00010,Avian Influenza H5N1,2021-01-30 06:12:15.871743487,Kampala,-0.08034485292705629,32.74247130112928,1,lab,0.352,11.9,0.223
INC-00011,Leptospirosis,2021-02-02 04:25:29.458917835,Garissa,-0.1112267889605369,39.74579435671599,6,community,0.109,43.7,0.353
INC-00012,Avian Influenza H5N1,2021-02-05 02:38:43.046092184,Lamu,-2.713872083093122,40.874843972758995,12,lab,0.142,43.2,0.942
INC-00013,Avian Influenza H5N1,2021-02-08 00:51:56.633266533,Lamu,-2.488828563866344,41.35212109462444,4,environmental,0.217,15.8,0.886
INC-00014,Avian Influenza H5N1,2021-02-10 23:05:10.220440881,Lamu,-2.435309959498454,40.74477364275496,11,community,0.562,37.4,0.558
INC-00015,Rift Valley Fever,2021-02-13 21:18:23.807615230,Lamu,-2.596445554808406,40.57929550124927,3,environmental,0.635,36.7,0.475
INC-00016,Avian Influenza H5N1,2021-02-16 19:31:37.394789579,Kampala,0.16148936980198925,32.76061406087983,0,environmental,0.427,50.4,0.451
INC-00017,Rift Valley Fever,2021-02-19 17:44:50.981963927,Nairobi,-1.0436964332749143,37.163230561307905,4,environmental,0.163,8.2,0.059
INC-00018,Mpox,2021-02-22 15:58:04.569138276,Lamu,-2.754757156439929,40.44231373993992,6,lab,0.421,11.7,0.892
INC-00019,Mpox,2021-02-25 14:11:18.156312625,Kampala,0.6747694245206864,32.532152688422684,6,environmental,0.613,29.2,0.818
INC-00020,Crimean-Congo HF,2021-02-28 12:24:31.743486974,Kampala,0.7041440235745582,32.97500768968733,8,community,0.55,2.6,0.456
INC-00021,Rift Valley Fever,2021-03-03 10:37:45.330661322,Kisumu,-0.21944042680845183,35.017574618922865,0,community,0.275,24.9,0.279
INC-00022,Rift Valley Fever,2021-03-06 08:50:58.917835671,Mombasa,-4.3898641009393655,40.16001371649762,10,lab,0.174,47.3,0.343
INC-00023,Avian Influenza H5N1,2021-03-09 07:04:12.505010020,Garissa,-0.35237959205491914,39.677512811597246,10,lab,0.64,8.9,0.123
INC-00024,Crimean-Congo HF,2021-03-12 05:17:26.092184368,Lamu,-2.6497674441351053,41.06205571880115,9,community,0.612,27.6,0.722
INC-00025,Crimean-Congo HF,2021-03-15 03:30:39.679358717,Dar es Salaam,-6.927434638921747,39.010808281137926,4,environmental,0.132,59.4,0.557
INC-00026,Avian Influenza H5N1,2021-03-18 01:43:53.266533066,Kisumu,0.3667271809009724,35.21549159966599,11,lab,0.594,30.4,0.234
INC-00027,Rift Valley Fever,2021-03-20 23:57:06.853707415,Lamu,-1.7739755274163627,40.768395488556536,9,lab,0.158,29.9,0.623
INC-00028,Avian Influenza H5N1,2021-03-23 22:10:20.440881763,Kampala,0.6197008913545856,32.82103071268663,2,lab,0.138,33.5,0.979
INC-00029,Avian Influenza H5N1,2021-03-26 20:23:34.028056112,Kampala,0.15855750992076623,32.485660204119085,5,lab,0.555,11.2,0.122
INC-00030,Mpox,2021-03-29 18:36:47.615230461,Kampala,0.5352610491660925,32.644338930063,3,lab,0.422,8.8,0.458
INC-00031,Rift Valley Fever,2021-04-01 16:50:01.202404809,Mombasa,-3.8380706345159874,39.88798853502154,23,lab,0.349,40.6,0.494
INC-00032,Rift Valley Fever,2021-04-04 15:03:14.789579158,Nairobi,-1.3985473048363501,36.82615715175135,1,lab,0.642,23.7,0.167
INC-00033,Crimean-Congo HF,2021-04-07 13:16:28.376753507,Kampala,0.4884846345861594,32.98960632690951,10,community,0.604,17.4,0.532
INC-00034,Mpox,2021-04-10 11:29:41.963927855,Garissa,-0.9424923550243238,39.56539998792781,5,lab,0.135,1.9,0.606
INC-00035,Rift Valley Fever,2021-04-13 09:42:55.551102204,Nairobi,-1.5773313413977585,36.96429479814332,7,lab,0.47,50.8,0.157
INC-00036,Mpox,2021-04-16 07:56:09.138276552,Garissa,-0.42813169703273884,39.48846143330005,2,lab,0.563,1.9,0.155
INC-00037,Rift Valley Fever,2021-04-19 06:09:22.725450902,Lamu,-2.605688695741704,40.810216668231014,12,lab,0.43,45.0,0.856
INC-00038,Mpox,2021-04-22 04:22:36.312625250,Mombasa,-4.377570132123466,39.60825610823355,5,community,0.69,22.9,0.311
INC-00039,Rift Valley Fever,2021-04-25 02:35:49.899799598,Dar es Salaam,-6.456049709449761,38.83413501831229,5,community,0.512,35.9,0.63
INC-00040,Leptospirosis,2021-04-28 00:49:03.486973948,Mombasa,-3.5543439973163946,39.259929679059006,2,lab,0.162,14.9,0.627
INC-00041,Rift Valley Fever,2021-04-30 23:02:17.074148296,Lamu,-2.2134705719715515,41.06954992314676,3,lab,0.219,9.3,0.839
INC-00042,Rift Valley Fever,2021-05-03 21:15:30.661322644,Dar es Salaam,-6.453284269118286,39.36384573834305,8,lab,0.596,32.0,0.74
INC-00043,Rift Valley Fever,2021-05-06 19:28:44.248496994,Kisumu,0.39861966432627255,34.93086571421009,7,lab,0.698,41.7,0.841
INC-00044,Avian Influenza H5N1,2021-05-09 17:41:57.835671342,Nairobi,-1.6447931114312253,36.33698944534269,4,lab,0.159,11.7,0.625
INC-00045,Rift Valley Fever,2021-05-12 15:55:11.422845690,Garissa,-0.5049743867456489,39.47264584267178,5,lab,0.16,26.2,0.449
INC-00046,Mpox,2021-05-15 14:08:25.010020040,Kampala,0.2401687158419199,32.280329847259196,14,lab,0.558,26.7,0.394
INC-00047,Mpox,2021-05-18 12:21:38.597194388,Garissa,-0.8731707163538149,39.92425042254401,14,environmental,0.139,13.0,0.379
INC-00048,Mpox,2021-05-21 10:34:52.184368736,Dar es Salaam,-6.537023827205255,39.56895840139613,4,lab,0.141,33.9,0.418
INC-00049,Leptospirosis,2021-05-24 08:48:05.771543086,Lamu,-2.335660972677407,40.64874037722615,1,lab,0.633,8.8,0.129
INC-00050,Avian Influenza H5N1,2021-05-27 07:01:19.358717434,Lamu,-2.3001130658095987,41.069909158847985,3,lab,0.58,30.6,0.424
INC-00051,Crimean-Congo HF,2021-05-30 05:14:32.945891784,Mombasa,-4.39280402618676,39.29756880345827,12,lab,0.629,6.8,0.389
INC-00052,Avian Influenza H5N1,2021-06-02 03:27:46.533066132,Kisumu,-0.4107753477691319,34.54310852560171,2,lab,0.49,29.1,0.035
INC-00053,Crimean-Congo HF,2021-06-05 01:41:00.120240480,Kampala,0.754699622156215,32.221174496233424,7,lab,0.294,18.7,0.275
INC-00054,Avian Influenza H5N1,2021-06-07 23:54:13.707414830,Kampala,-0.1077549110257211,32.366040766599234,5,lab,0.644,27.1,0.752
INC-00055,Mpox,2021-06-10 22:07:27.294589178,Nairobi,-1.5535367150562938,36.991959547349275,3,lab,0.279,26.0,0.578
INC-00056,Leptospirosis,2021-06-13 20:20:40.881763526,Kampala,0.13965533031452837,32.99284691018526,12,community,0.265,54.5,0.806
INC-00057,Avian Influenza H5N1,2021-06-16 18:33:54.468937876,Mombasa,-4.053279457598414,39.37072840792418,5,community,0.632,29.4,0.543
INC-00058,Leptospirosis,2021-06-19 16:47:08.056112224,Lamu,-2.1829948269852038,40.944139034950716,11,lab,0.508,49.1,0.854
INC-00059,Avian Influenza H5N1,2021-06-22 15:00:21.643286572,Dar es Salaam,-6.799064024149333,39.40971910124343,2,lab,0.637,13.5,0.796
INC-00060,Mpox,2021-06-25 13:13:35.230460922,Garissa,-0.869104665443118,40.09902146848557,11,community,0.194,21.1,0.098
INC-00061,Rift Valley Fever,2021-06-28 11:26:48.817635270,Lamu,-2.525772545944286,41.01212048288717,2,environmental,0.671,4.5,0.977
INC-00062,Mpox,2021-07-01 09:40:02.404809618,Kisumu,0.25188638476254116,34.523062931027376,2,lab,0.468,25.2,0.015
INC-00063,Rift Valley Fever,2021-07-04 07:53:15.991983968,Garissa,-0.31563129952154095,39.771577156913935,19,lab,0.501,40.1,0.597
INC-00064,Avian Influenza H5N1,2021-07-07 06:06:29.579158316,Kisumu,0.05744705013427437,34.58844716167801,4,lab,0.648,50.3,0.793
INC-00065,Crimean-Congo HF,2021-07-10 04:19:43.166332664,Kisumu,0.07850125535135494,35.244084390691704,3,environmental,0.328,34.0,0.332
INC-00066,Crimean-Congo HF,2021-07-13 02:32:56.753507014,Garissa,-0.19031698096047095,39.54577513516364,2,lab,0.532,38.4,0.599
INC-00067,Crimean-Congo HF,2021-07-16 00:46:10.340681362,Kisumu,-0.5335935182785527,34.95338372076101,2,lab,0.484,10.6,0.362
INC-00068,Leptospirosis,2021-07-18 22:59:23.927855710,Nairobi,-1.4197806150673875,36.340450582346755,3,lab,0.573,2.2,0.061
INC-00069,Mpox,2021-07-21 21:12:37.515030060,Kampala,0.3871234352616787,32.48258144613476,2,lab,0.638,47.5,0.008
INC-00070,Avian Influenza H5N1,2021-07-24 19:25:51.102204408,Lamu,-2.430983516702674,41.27716761332251,17,lab,0.508,10.0,0.095
INC-00071,Mpox,2021-07-27 17:39:04.689378756,Mombasa,-3.6989981267128136,39.77843344443325,6,environmental,0.141,5.5,0.098
INC-00072,Crimean-Congo HF,2021-07-30 15:52:18.276553104,Kampala,0.33016850858729396,32.526462886395976,4,environmental,0.21,56.3,0.611
INC-00073,Rift Valley Fever,2021-08-02 14:05:31.863727456,Nairobi,-1.0177614105406207,37.25316049943572,8,lab,0.672,57.8,0.526
INC-00074,Rift Valley Fever,2021-08-05 12:18:45.450901804,Dar es Salaam,-6.440338483118831,39.56231237614723,4,lab,0.681,37.0,0.455
INC-00075,Crimean-Congo HF,2021-08-08 10:31:59.038076152,Kampala,0.3523874829034981,32.40473567382294,6,community,0.68,22.7,0.692
INC-00076,Avian Influenza H5N1,2021-08-11 08:45:12.625250500,Kisumu,0.3178502438713499,34.81250440204134,14,lab,0.122,50.0,0.017
INC-00077,Mpox,2021-08-14 06:58:26.212424848,Mombasa,-3.9563530594630194,39.65803025609246,12,lab,0.329,12.3,0.271
INC-00078,Avian Influenza H5N1,2021-08-17 05:11:39.799599196,Kampala,0.6978702988337218,32.71472250011487,4,lab,0.556,25.8,0.777
INC-00079,Rift Valley Fever,2021-08-20 03:24:53.386773548,Dar es Salaam,-6.951763204408476,39.04243926695876,13,community,0.552,21.4,0.91
INC-00080,Rift Valley Fever,2021-08-23 01:38:06.973947896,Garissa,-0.4544030414685148,39.39030400076589,3,community,0.152,54.8,0.438
INC-00081,Avian Influenza H5N1,2021-08-25 23:51:20.561122244,Kampala,0.3790070410045777,32.99519183525554,11,community,0.466,55.2,0.081
INC-00082,Rift Valley Fever,2021-08-28 22:04:34.148296592,Mombasa,-4.43849728410393,40.09208049949851,4,environmental,0.186,39.1,0.799
INC-00083,Rift Valley Fever,2021-08-31 20:17:47.735470940,Lamu,-2.370887493298459,41.24538288576198,2,lab,0.396,6.6,0.885
INC-00084,Mpox,2021-09-03 18:31:01.322645288,Dar es Salaam,-6.375016327448323,39.686532430764565,4,lab,0.244,28.9,0.414
INC-00085,Avian Influenza H5N1,2021-09-06 16:44:14.909819640,Dar es Salaam,-6.661521759635257,39.45331952577969,15,lab,0.132,14.7,0.243
INC-00086,Leptospirosis,2021-09-09 14:57:28.496993988,Nairobi,-1.6088824175630325,37.081890228561996,8,environmental,0.148,53.1,0.044
INC-00087,Rift Valley Fever,2021-09-12 13:10:42.084168336,Kisumu,-0.25284636439039504,35.03054609196264,8,environmental,0.647,8.3,0.591
INC-00088,Avian Influenza H5N1,2021-09-15 11:23:55.671342684,Lamu,-2.5778369903373,40.88266763094231,9,lab,0.547,3.3,0.91
INC-00089,Avian Influenza H5N1,2021-09-18 09:37:09.258517032,Lamu,-2.7446168682014274,40.85851219451427,18,community,0.659,42.3,0.678
INC-00090,Avian Influenza H5N1,2021-09-21 07:50:22.845691380,Kampala,0.7750564585040267,32.322746276149005,8,lab,0.382,27.2,0.317
INC-00091,Avian Influenza H5N1,2021-09-24 06:03:36.432865732,Lamu,-2.3212326717431284,41.04687919435929,5,lab,0.348,50.3,0.643
INC-00092,Crimean-Congo HF,2021-09-27 04:16:50.020040080,Lamu,-2.461904927579214,40.69138013610233,8,lab,0.315,4.5,0.832
INC-00093,Avian Influenza H5N1,2021-09-30 02:30:03.607214428,Kisumu,0.006775191557736593,34.525764409702354,6,community,0.47,48.1,0.476
INC-00094,Crimean-Congo HF,2021-10-03 00:43:17.194388776,Garissa,-0.9459055437069843,39.73206037409605,1,community,0.311,2.2,0.82
INC-00095,Avian Influenza H5N1,2021-10-05 22:56:30.781563124,Kisumu,-0.31367989339918617,34.677938388225044,2,lab,0.548,1.7,0.392
INC-00096,Mpox,2021-10-08 21:09:44.368737472,Mombasa,-3.840443534301108,39.38706260879463,8,community,0.581,27.7,0.349
INC-00097,Leptospirosis,2021-10-11 19:22:57.955911824,Dar es Salaam,-6.658584226930737,39.52438401675283,2,community,0.626,13.3,0.583
INC-00098,Leptospirosis,2021-10-14 17:36:11.543086172,Dar es Salaam,-6.310548052457464,39.56889791929438,2,community,0.246,35.6,0.465
INC-00099,Leptospirosis,2021-10-17 15:49:25.130260520,Nairobi,-1.166031290341956,36.48492251967778,9,community,0.416,1.5,0.977
INC-00100,Leptospirosis,2021-10-20 14:02:38.717434868,Lamu,-2.2919341263722672,40.4095670328,4,lab,0.234,2.1,0.516
INC-00101,Leptospirosis,2021-10-23 12:15:52.304609216,Mombasa,-3.7820444368159927,39.504335968529375,9,community,0.123,43.6,0.385
INC-00102,Leptospirosis,2021-10-26 10:29:05.891783568,Lamu,-1.866112128035947,41.19957083568075,18,environmental,0.525,12.6,0.395
INC-00103,Rift Valley Fever,2021-10-29 08:42:19.478957916,Nairobi,-1.0656930532816484,37.156396866234324,1,community,0.429,39.4,0.548
INC-00104,Avian Influenza H5N1,2021-11-01 06:55:33.066132264,Lamu,-1.8062287764506202,40.54038907011605,6,lab,0.534,45.0,0.355
INC-00105,Mpox,2021-11-04 05:08:46.653306612,Lamu,-1.9874348292618227,41.17639590118305,1,community,0.153,3.6,0.723
INC-00106,Crimean-Congo HF,2021-11-07 03:22:00.240480960,Lamu,-1.9026385617380734,40.51776416730943,15,community,0.697,46.2,0.381
INC-00107,Mpox,2021-11-10 01:35:13.827655308,Dar es Salaam,-7.178249928816363,39.098390590156534,0,lab,0.697,16.1,0.384
INC-00108,Avian Influenza H5N1,2021-11-12 23:48:27.414829660,Kampala,0.5800095029937877,33.08112951501192,7,community,0.379,23.4,0.617
INC-00109,Avian Influenza H5N1,2021-11-15 22:01:41.002004008,Dar es Salaam,-6.852265300472631,38.90091882323091,5,lab,0.62,5.2,0.061
INC-00110,Avian Influenza H5N1,2021-11-18 20:14:54.589178356,Mombasa,-3.990373197588725,39.32216958257762,7,lab,0.246,50.3,0.655
INC-00111,Mpox,2021-11-21 18:28:08.176352704,Lamu,-2.115337590517643,40.82486033254679,5,lab,0.543,33.6,0.505
INC-00112,Leptospirosis,2021-11-24 16:41:21.763527052,Kampala,0.8174111167055694,32.702188525969866,14,community,0.628,30.3,0.453
INC-00113,Crimean-Congo HF,2021-11-27 14:54:35.350701400,Kampala,0.8321740814316246,33.01542078241326,14,environmental,0.589,58.1,0.719
INC-00114,Leptospirosis,2021-11-30 13:07:48.937875752,Kampala,0.13582424548790528,33.06334114553304,5,lab,0.587,20.1,0.758
INC-00115,Leptospirosis,2021-12-03 11:21:02.525050100,Kampala,0.5813494974379162,32.1521606365914,16,environmental,0.378,53.4,0.846
INC-00116,Crimean-Congo HF,2021-12-06 09:34:16.112224448,Nairobi,-1.0364054620647314,36.455220517347904,15,lab,0.592,43.2,0.375
INC-00117,Crimean-Congo HF,2021-12-09 07:47:29.699398796,Nairobi,-1.4398961386869513,37.10796097389599,5,lab,0.514,55.7,0.327
INC-00118,Rift Valley Fever,2021-12-12 06:00:43.286573144,Mombasa,-4.419607225135779,39.43883815227086,2,community,0.179,54.5,0.714
INC-00119,Rift Valley Fever,2021-12-15 04:13:56.873747492,Nairobi,-1.7454420397142802,37.20207205950636,8,environmental,0.169,59.5,0.582
INC-00120,Mpox,2021-12-18 02:27:10.460921844,Kampala,0.6249391275291786,32.74597325722909,4,community,0.563,7.9,0.632
INC-00121,Mpox,2021-12-21 00:40:24.048096192,Dar es Salaam,-6.802654258183094,38.82017280238068,12,environmental,0.475,47.8,0.556
INC-00122,Rift Valley Fever,2021-12-23 22:53:37.635270540,Dar es Salaam,-6.306813830505074,39.54085728492401,11,community,0.412,48.3,0.773
INC-00123,Mpox,2021-12-26 21:06:51.222444888,Kampala,0.31256945619365306,32.258876380008076,11,lab,0.644,38.7,0.19
INC-00124,Leptospirosis,2021-12-29 19:20:04.809619236,Lamu,-1.7915230209261597,40.825555394679654,18,lab,0.496,16.7,0.556
INC-00125,Crimean-Congo HF,2022-01-01 17:33:18.396793584,Kampala,0.2591720021940599,32.63470492855933,1,lab,0.338,57.9,0.158
INC-00126,Crimean-Congo HF,2022-01-04 15:46:31.983967936,Nairobi,-0.9927068494400274,36.817989149080276,9,environmental,0.348,12.3,0.407
INC-00127,Crimean-Congo HF,2022-01-07 13:59:45.571142284,Lamu,-2.6846207276881677,41.08822291561515,10,environmental,0.463,30.0,0.664
INC-00128,Mpox,2022-01-10 12:12:59.158316632,Dar es Salaam,-6.736892289862236,39.36101473486926,8,community,0.556,31.3,0.493
INC-00129,Crimean-Congo HF,2022-01-13 10:26:12.745490980,Dar es Salaam,-6.490294213014275,39.70037000552806,9,lab,0.439,9.7,0.38
INC-00130,Leptospirosis,2022-01-16 08:39:26.332665328,Kampala,0.7722976672198887,33.08194190922419,6,lab,0.405,43.4,0.885
INC-00131,Crimean-Congo HF,2022-01-19 06:52:39.919839680,Kampala,0.6701790906174316,32.59897940263564,2,environmental,0.536,5.3,0.773
INC-00132,Mpox,2022-01-22 05:05:53.507014028,Nairobi,-1.7494182727988257,36.41242208696086,3,community,0.523,41.6,0.526
INC-00133,Crimean-Congo HF,2022-01-25 03:19:07.094188376,Kampala,0.2202983413067342,32.810363298968724,2,lab,0.598,50.9,0.95
INC-00134,Rift Valley Fever,2022-01-28 01:32:20.681362724,Lamu,-2.7207415276861484,41.378724078216585,8,lab,0.138,21.0,0.424
INC-00135,Leptospirosis,2022-01-30 23:45:34.268537072,Kisumu,-0.482419708885442,34.58628238762902,6,lab,0.553,42.6,0.788
INC-00136,Crimean-Congo HF,2022-02-02 21:58:47.855711420,Dar es Salaam,-6.617048371332515,39.16953688583757,2,lab,0.408,9.4,0.168
INC-00137,Crimean-Congo HF,2022-02-05 20:12:01.442885772,Nairobi,-1.0731308036883018,36.74199992481545,8,lab,0.145,50.8,0.286
INC-00138,Leptospirosis,2022-02-08 18:25:15.030060120,Kisumu,0.1820186827516263,34.31937515455693,5,lab,0.507,57.1,0.338
INC-00139,Avian Influenza H5N1,2022-02-11 16:38:28.617234468,Kampala,0.7130525480556629,32.75478443122345,6,environmental,0.53,9.2,0.106
INC-00140,Leptospirosis,2022-02-14 14:51:42.204408816,Garissa,-0.21378853152349014,39.49943669506847,9,lab,0.414,41.5,0.502
INC-00141,Avian Influenza H5N1,2022-02-17 13:04:55.791583164,Mombasa,-3.742605407893368,39.9556698746315,15,lab,0.576,30.3,0.192
INC-00142,Avian Influenza H5N1,2022-02-20 11:18:09.378757512,Mombasa,-4.494513290176721,40.00032607528198,2,lab,0.28,31.9,0.634
INC-00143,Mpox,2022-02-23 09:31:22.965931864,Kisumu,-0.3571668495587014,35.08918678659784,8,community,0.221,42.4,0.19
INC-00144,Leptospirosis,2022-02-26 07:44:36.553106208,Garissa,-0.33132222662475425,39.56276499803988,3,lab,0.31,29.3,0.124
INC-00145,Crimean-Congo HF,2022-03-01 05:57:50.140280560,Lamu,-1.9113146953751767,40.7236056822409,6,lab,0.346,36.0,0.969
INC-00146,Mpox,2022-03-04 04:11:03.727454912,Nairobi,-1.781888875060341,37.066043779667055,4,lab,0.518,13.9,0.658
INC-00147,Mpox,2022-03-07 02:24:17.314629256,Mombasa,-4.0288476578836505,39.96959543384272,2,environmental,0.607,22.7,0.936
INC-00148,Avian Influenza H5N1,2022-03-10 00:37:30.901803608,Lamu,-2.0921526006356026,40.893317446391364,20,community,0.533,51.9,0.49
INC-00149,Avian Influenza H5N1,2022-03-12 22:50:44.488977952,Nairobi,-1.7567817108713868,37.2102540195363,10,lab,0.204,6.6,0.033
INC-00150,Mpox,2022-03-15 21:03:58.076152304,Lamu,-2.368084442446612,40.54596869607856,11,lab,0.32,35.9,0.574
INC-00151,Leptospirosis,2022-03-18 19:17:11.663326648,Mombasa,-3.6478421186163033,40.047274779658956,1,lab,0.195,11.1,0.558
INC-00152,Crimean-Congo HF,2022-03-21 17:30:25.250501000,Garissa,-0.2816071911441413,39.24219423297188,15,environmental,0.512,50.8,0.015
INC-00153,Avian Influenza H5N1,2022-03-24 15:43:38.837675352,Kisumu,-0.3540436366394027,34.42148152205461,3,community,0.249,34.7,0.861
INC-00154,Mpox,2022-03-27 13:56:52.424849696,Kampala,0.7003771296319127,32.61636001327396,14,lab,0.415,24.2,0.62
INC-00155,Mpox,2022-03-30 12:10:06.012024048,Dar es Salaam,-6.944322576590485,38.77584648018742,15,lab,0.575,15.0,0.745
INC-00156,Leptospirosis,2022-04-02 10:23:19.599198392,Nairobi,-0.9330443288559406,36.37003010140011,8,community,0.503,26.2,0.494
INC-00157,Leptospirosis,2022-04-05 08:36:33.186372744,Kampala,0.14653965111890555,32.083038744165705,2,community,0.279,57.5,0.618
INC-00158,Rift Valley Fever,2022-04-08 06:49:46.773547096,Kampala,0.437916250883149,32.518836659694266,10,lab,0.3,30.6,0.257
INC-00159,Crimean-Congo HF,2022-04-11 05:03:00.360721440,Lamu,-2.3724999322521656,41.17668388129223,9,lab,0.492,28.2,0.974
INC-00160,Rift Valley Fever,2022-04-14 03:16:13.947895792,Garissa,-0.678394949244933,39.18093735027991,11,lab,0.43,44.8,0.401
INC-00161,Leptospirosis,2022-04-17 01:29:27.535070136,Dar es Salaam,-6.405796437828131,39.360585606465854,6,community,0.158,22.7,0.162
INC-00162,Rift Valley Fever,2022-04-19 23:42:41.122244488,Kisumu,-0.4041083180605087,35.091083317416185,7,environmental,0.624,25.6,0.056
INC-00163,Crimean-Congo HF,2022-04-22 21:55:54.709418840,Kisumu,-0.506890408764237,34.43595684857787,3,environmental,0.408,20.2,0.636
INC-00164,Mpox,2022-04-25 20:09:08.296593184,Kisumu,-0.24977506145433964,34.4148197348214,1,community,0.384,9.1,0.983
INC-00165,Leptospirosis,2022-04-28 18:22:21.883767536,Lamu,-2.0518008523584323,41.26286097362053,5,lab,0.219,42.8,0.896
INC-00166,Mpox,2022-05-01 16:35:35.470941880,Kisumu,0.2157296059762817,35.09108060995009,7,lab,0.326,52.4,0.702
INC-00167,Avian Influenza H5N1,2022-05-04 14:48:49.058116232,Mombasa,-3.5447336299332353,39.707147766264185,4,lab,0.3,54.3,0.991
INC-00168,Avian Influenza H5N1,2022-05-07 13:02:02.645290576,Kisumu,-0.2953399429888351,35.08715587929398,8,community,0.262,52.8,0.723
INC-00169,Rift Valley Fever,2022-05-10 11:15:16.232464928,Nairobi,-1.378447048868718,36.409979077424495,10,environmental,0.44,27.1,0.339
INC-00170,Avian Influenza H5N1,2022-05-13 09:28:29.819639280,Nairobi,-1.6495677219703737,36.711704517938756,3,lab,0.377,17.0,0.601
INC-00171,Leptospirosis,2022-05-16 07:41:43.406813624,Nairobi,-1.2115170703769664,37.05502055610637,15,lab,0.634,38.3,0.08
INC-00172,Leptospirosis,2022-05-19 05:54:56.993987976,Lamu,-1.7718599627370826,40.659511959323964,7,community,0.665,57.3,0.222
INC-00173,Rift Valley Fever,2022-05-22 04:08:10.581162320,Lamu,-2.0685589898793415,41.154388914433554,5,community,0.232,43.6,0.418
INC-00174,Leptospirosis,2022-05-25 02:21:24.168336672,Dar es Salaam,-6.697141159586628,39.21250660439082,1,environmental,0.16,29.7,0.202
INC-00175,Leptospirosis,2022-05-28 00:34:37.755511024,Kampala,0.23996509292179402,32.832785987948235,3,lab,0.571,41.3,0.954
INC-00176,Mpox,2022-05-30 22:47:51.342685368,Lamu,-1.854141239714445,40.86673963785733,3,community,0.697,46.4,0.996
INC-00177,Rift Valley Fever,2022-06-02 21:01:04.929859720,Mombasa,-4.046560403869651,39.53611034022182,15,community,0.618,55.2,0.371
INC-00178,Mpox,2022-06-05 19:14:18.517034064,Garissa,-0.8188530866869386,39.36528821647863,6,environmental,0.114,45.8,0.709
INC-00179,Avian Influenza H5N1,2022-06-08 17:27:32.104208416,Kampala,0.2129744631991335,32.290899341435015,10,environmental,0.251,26.0,0.408
INC-00180,Leptospirosis,2022-06-11 15:40:45.691382760,Garissa,-0.8860533311522332,39.8975898105714,3,community,0.126,16.4,0.14
INC-00181,Rift Valley Fever,2022-06-14 13:53:59.278557112,Mombasa,-4.341497962311219,39.28711634803396,0,community,0.592,30.0,0.337
INC-00182,Avian Influenza H5N1,2022-06-17 12:07:12.865731464,Kampala,-0.13473521900008778,32.16850235011095,10,environmental,0.449,19.7,0.233
INC-00183,Avian Influenza H5N1,2022-06-20 10:20:26.452905808,Dar es Salaam,-6.8390740834998365,38.88461936502213,1,lab,0.408,56.6,0.328
INC-00184,Rift Valley Fever,2022-06-23 08:33:40.040080160,Kampala,0.4821362649517972,32.257866511453926,4,lab,0.433,30.5,0.215
INC-00185,Avian Influenza H5N1,2022-06-26 06:46:53.627254504,Kampala,0.19088846237890778,32.905627622806904,9,community,0.251,28.3,0.112
INC-00186,Mpox,2022-06-29 05:00:07.214428856,Mombasa,-4.123095228494723,39.56671262347421,10,environmental,0.461,20.9,0.217
INC-00187,Mpox,2022-07-02 03:13:20.801603208,Kisumu,0.3675072728445759,35.25834445736048,3,lab,0.118,38.4,0.906
INC-00188,Mpox,2022-07-05 01:26:34.388777552,Mombasa,-3.791513878425085,39.30541725779061,4,lab,0.488,31.2,0.085
INC-00189,Leptospirosis,2022-07-07 23:39:47.975951904,Kisumu,-0.050845363055048776,34.92149582569364,3,community,0.541,7.7,0.325
INC-00190,Avian Influenza H5N1,2022-07-10 21:53:01.563126248,Dar es Salaam,-7.007813124888174,39.15705750720125,6,community,0.504,52.2,0.528
INC-00191,Leptospirosis,2022-07-13 20:06:15.150300600,Dar es Salaam,-6.395357201227005,39.101246176697074,1,community,0.299,21.5,0.355
INC-00192,Avian Influenza H5N1,2022-07-16 18:19:28.737474944,Dar es Salaam,-7.05725688311934,39.58341219905408,10,lab,0.596,26.0,0.518
INC-00193,Avian Influenza H5N1,2022-07-19 16:32:42.324649296,Kisumu,-0.26635926948332295,35.2435516458284,7,community,0.529,12.3,0.043
INC-00194,Rift Valley Fever,2022-07-22 14:45:55.911823648,Garissa,-0.0441551855770515,40.01895795877418,3,community,0.177,33.2,0.649
INC-00195,Crimean-Congo HF,2022-07-25 12:59:09.498997992,Nairobi,-1.2568469447149275,36.509523679035134,15,lab,0.217,42.1,0.563
INC-00196,Leptospirosis,2022-07-28 11:12:23.086172344,Kisumu,0.15061594941797668,34.48875392120893,4,lab,0.482,52.9,0.681
INC-00197,Mpox,2022-07-31 09:25:36.673346688,Nairobi,-1.195644205836234,36.97329687909506,8,community,0.274,3.1,0.567
INC-00198,Rift Valley Fever,2022-08-03 07:38:50.260521040,Kisumu,0.06173720900949514,34.55703958163819,9,lab,0.172,58.4,0.438
INC-00199,Rift Valley Fever,2022-08-06 05:52:03.847695392,Garissa,-0.6538367084851744,39.88082413078058,8,environmental,0.193,42.2,0.35
INC-00200,Mpox,2022-08-09 04:05:17.434869736,Kisumu,-0.3503299383733371,34.834376650809645,14,environmental,0.199,17.1,0.226
INC-00201,Leptospirosis,2022-08-12 02:18:31.022044088,Garissa,-0.6307276528313348,39.6970077684904,10,environmental,0.387,12.3,0.5
INC-00202,Rift Valley Fever,2022-08-15 00:31:44.609218432,Kampala,0.0030375640834224837,32.911066924838785,6,lab,0.464,17.8,0.026
INC-00203,Rift Valley Fever,2022-08-17 22:44:58.196392784,Dar es Salaam,-6.418039634709192,39.41886077174268,1,community,0.206,52.5,0.328
INC-00204,Rift Valley Fever,2022-08-20 20:58:11.783567136,Kampala,0.1308429332501141,32.109097764997294,6,lab,0.527,17.5,0.678
INC-00205,Mpox,2022-08-23 19:11:25.370741480,Mombasa,-3.9819876055856156,39.217665137146014,15,community,0.269,27.8,0.109
INC-00206,Rift Valley Fever,2022-08-26 17:24:38.957915832,Lamu,-1.9774655748586258,41.00361845245602,10,lab,0.287,42.3,0.063
INC-00207,Mpox,2022-08-29 15:37:52.545090176,Garissa,-0.16939589062428645,39.63229107562228,11,environmental,0.234,52.3,0.652
INC-00208,Mpox,2022-09-01 13:51:06.132264528,Mombasa,-4.1050907414158075,39.42839065534299,10,community,0.571,39.5,0.398
INC-00209,Mpox,2022-09-04 12:04:19.719438872,Lamu,-2.293182691413274,40.8207160873148,12,lab,0.676,45.2,0.802
INC-00210,Leptospirosis,2022-09-07 10:17:33.306613224,Mombasa,-3.5487752510649755,39.92611631873286,2,lab,0.395,10.4,0.937
INC-00211,Mpox,2022-09-10 08:30:46.893787576,Lamu,-2.0948425230209757,41.22867148465793,18,community,0.125,52.6,0.957
INC-00212,Leptospirosis,2022-09-13 06:44:00.480961920,Lamu,-1.954801556882117,40.963283067890046,1,lab,0.256,16.5,0.426
INC-00213,Leptospirosis,2022-09-16 04:57:14.068136272,Kampala,0.7501499692192319,32.4678894808571,24,lab,0.195,7.7,0.264
INC-00214,Avian Influenza H5N1,2022-09-19 03:10:27.655310616,Lamu,-1.9818501637706607,40.67275676149511,10,lab,0.606,58.6,0.609
INC-00215,Leptospirosis,2022-09-22 01:23:41.242484968,Mombasa,-4.3582976550464325,39.69012447076925,7,community,0.151,12.1,0.628
INC-00216,Mpox,2022-09-24 23:36:54.829659320,Nairobi,-1.2242182662624277,36.631972618564376,7,environmental,0.68,8.2,0.622
INC-00217,Mpox,2022-09-27 21:50:08.416833664,Nairobi,-1.6844948426854551,36.881318137047224,9,lab,0.453,37.6,0.322
INC-00218,Crimean-Congo HF,2022-09-30 20:03:22.004008016,Kampala,0.5005181265639984,32.75917238250964,9,community,0.411,19.1,0.064
INC-00219,Mpox,2022-10-03 18:16:35.591182360,Garissa,0.0021294281878109778,39.2121782109194,5,lab,0.608,8.0,0.21
INC-00220,Rift Valley Fever,2022-10-06 16:29:49.178356712,Nairobi,-1.2736569356998886,36.31829046502275,7,lab,0.117,36.1,0.154
INC-00221,Avian Influenza H5N1,2022-10-09 14:43:02.765531056,Kampala,0.2805684928677672,32.29479713884074,0,lab,0.566,45.5,0.124
INC-00222,Avian Influenza H5N1,2022-10-12 12:56:16.352705408,Dar es Salaam,-7.256511248581837,39.60283949771878,1,lab,0.17,47.6,0.926
INC-00223,Rift Valley Fever,2022-10-15 11:09:29.939879760,Mombasa,-3.58370247767078,39.814496763228554,6,lab,0.604,9.3,0.014
INC-00224,Leptospirosis,2022-10-18 09:22:43.527054104,Lamu,-2.666437315869841,40.57402035193702,6,environmental,0.418,33.4,0.602
INC-00225,Rift Valley Fever,2022-10-21 07:35:57.114228456,Kisumu,-0.5506229066951531,35.15821996182362,5,lab,0.137,48.8,0.947
INC-00226,Leptospirosis,2022-10-24 05:49:10.701402800,Lamu,-2.5233733884950613,40.87201594028734,5,environmental,0.6,9.7,0.36
INC-00227,Rift Valley Fever,2022-10-27 04:02:24.288577152,Dar es Salaam,-7.226823566081617,39.184419756678665,3,lab,0.116,12.5,0.527
INC-00228,Mpox,2022-10-30 02:15:37.875751504,Kampala,0.30271384241176236,33.01806194384266,6,lab,0.183,0.1,0.696
INC-00229,Leptospirosis,2022-11-02 00:28:51.462925848,Mombasa,-4.027389198742888,39.22769269218334,4,lab,0.579,31.5,0.317
INC-00230,Leptospirosis,2022-11-04 22:42:05.050100200,Kampala,0.16016594902858394,32.29769827462872,2,environmental,0.379,11.7,0.478
INC-00231,Mpox,2022-11-07 20:55:18.637274544,Lamu,-2.7184795174251137,40.98783132515472,6,community,0.629,43.5,0.817
INC-00232,Avian Influenza H5N1,2022-11-10 19:08:32.224448896,Nairobi,-1.6747886317507734,36.512709509582,3,lab,0.481,57.7,0.745
INC-00233,Leptospirosis,2022-11-13 17:21:45.811623248,Lamu,-2.384935622010072,41.08158700920896,5,lab,0.474,12.5,0.808
INC-00234,Crimean-Congo HF,2022-11-16 15:34:59.398797592,Kampala,-0.09187554917346386,32.29661228933672,4,lab,0.275,38.9,0.987
INC-00235,Leptospirosis,2022-11-19 13:48:12.985971944,Lamu,-2.0712502743900867,40.50121697059881,7,community,0.18,12.7,0.37
INC-00236,Leptospirosis,2022-11-22 12:01:26.573146288,Dar es Salaam,-7.085333458475188,38.91531315964084,8,lab,0.677,1.1,0.747
INC-00237,Crimean-Congo HF,2022-11-25 10:14:40.160320640,Kampala,0.14966756878363852,32.50525403427206,13,community,0.163,45.5,0.603
INC-00238,Leptospirosis,2022-11-28 08:27:53.747494984,Kisumu,-0.19757622282190251,34.44409429917308,4,lab,0.417,26.0,0.667
INC-00239,Avian Influenza H5N1,2022-12-01 06:41:07.334669336,Dar es Salaam,-6.875744366930852,38.84302002492335,6,lab,0.264,56.8,0.74
INC-00240,Avian Influenza H5N1,2022-12-04 04:54:20.921843688,Nairobi,-1.7847282923251995,37.17750488621894,9,community,0.258,32.1,0.75
INC-00241,Leptospirosis,2022-12-07 03:07:34.509018032,Dar es Salaam,-7.180283629001302,39.02872520359731,2,lab,0.457,9.4,0.886
INC-00242,Leptospirosis,2022-12-10 01:20:48.096192384,Nairobi,-0.9236244362591219,36.67798168651825,5,lab,0.579,27.0,0.349
INC-00243,Crimean-Congo HF,2022-12-12 23:34:01.683366728,Dar es Salaam,-7.291120937488092,38.76359840950123,5,community,0.566,12.2,0.653
INC-00244,Leptospirosis,2022-12-15 21:47:15.270541080,Dar es Salaam,-6.784186644187124,39.065697623502054,11,lab,0.621,52.7,0.28
INC-00245,Crimean-Congo HF,2022-12-18 20:00:28.857715432,Nairobi,-1.2968869934927918,36.58203017732158,5,lab,0.276,41.5,0.595
INC-00246,Mpox,2022-12-21 18:13:42.444889776,Lamu,-2.436345838989362,41.01254506734179,6,lab,0.379,20.5,0.751
INC-00247,Crimean-Congo HF,2022-12-24 16:26:56.032064128,Kisumu,-0.16037497985355037,34.47334629767241,2,lab,0.106,31.7,0.791
INC-00248,Crimean-Congo HF,2022-12-27 14:40:09.619238472,Lamu,-1.9888588624734156,41.29042545306284,5,community,0.548,40.2,0.42
INC-00249,Rift Valley Fever,2022-12-30 12:53:23.206412824,Nairobi,-0.9451852937850436,37.24688962091955,3,lab,0.281,47.0,0.509
INC-00250,Avian Influenza H5N1,2023-01-02 11:06:36.793587168,Mombasa,-4.28312845658475,39.26803705717679,2,community,0.437,4.8,0.334
INC-00251,Rift Valley Fever,2023-01-05 09:19:50.380761520,Kampala,0.17008644096772985,32.18992295628858,4,environmental,0.202,1.4,0.169
INC-00252,Rift Valley Fever,2023-01-08 07:33:03.967935872,Mombasa,-4.300994146971668,39.28353243811099,8,community,0.592,6.9,0.261
INC-00253,Avian Influenza H5N1,2023-01-11 05:46:17.555110216,Kisumu,-0.11183859944893487,34.88752525631031,1,community,0.59,23.7,0.912
INC-00254,Mpox,2023-01-14 03:59:31.142284568,Dar es Salaam,-6.609095642341186,38.83029696420962,7,community,0.626,28.0,0.309
INC-00255,Mpox,2023-01-17 02:12:44.729458912,Mombasa,-4.31522412453658,40.02058831793026,4,environmental,0.128,8.2,0.975
INC-00256,Leptospirosis,2023-01-20 00:25:58.316633264,Dar es Salaam,-6.961618257945133,39.46259951493789,1,lab,0.695,24.7,0.241
INC-00257,Crimean-Congo HF,2023-01-22 22:39:11.903807616,Nairobi,-0.8560043824108495,37.137031858238025,13,lab,0.249,26.5,0.723
INC-00258,Rift Valley Fever,2023-01-25 20:52:25.490981960,Mombasa,-4.494907710153042,39.69426652688602,9,environmental,0.286,6.5,0.574
INC-00259,Leptospirosis,2023-01-28 19:05:39.078156312,Dar es Salaam,-6.8315843947604336,39.70500521151916,1,lab,0.25,55.0,0.697
INC-00260,Rift Valley Fever,2023-01-31 17:18:52.665330656,Lamu,-2.057881958403222,40.44623510294416,0,community,0.261,35.9,0.644
INC-00261,Mpox,2023-02-03 15:32:06.252505008,Mombasa,-4.393022988442526,39.56947096418611,8,lab,0.432,23.3,0.707
INC-00262,Avian Influenza H5N1,2023-02-06 13:45:19.839679360,Kisumu,-0.5443279799945182,34.59189266893763,3,community,0.244,30.4,0.906
INC-00263,Avian Influenza H5N1,2023-02-09 11:58:33.426853704,Garissa,-0.8150146283614692,40.09474449871264,6,lab,0.336,18.9,0.563
INC-00264,Crimean-Congo HF,2023-02-12 10:11:47.014028056,Garissa,-0.03439680646931714,39.72295995849759,3,community,0.493,51.3,0.068
INC-00265,Leptospirosis,2023-02-15 08:25:00.601202400,Dar es Salaam,-7.283094218178876,39.51451896544473,9,lab,0.602,34.5,0.271
INC-00266,Leptospirosis,2023-02-18 06:38:14.188376752,Kampala,0.03591797481135184,32.25286119365852,3,lab,0.516,29.7,0.708
INC-00267,Mpox,2023-02-21 04:51:27.775551096,Kisumu,-0.5604184870983555,35.246590143900434,0,community,0.457,54.7,0.494
INC-00268,Rift Valley Fever,2023-02-24 03:04:41.362725448,Dar es Salaam,-7.181724532437796,39.206967546876314,5,community,0.189,50.3,0.549
INC-00269,Crimean-Congo HF,2023-02-27 01:17:54.949899800,Dar es Salaam,-6.672204713371704,39.20200007627065,12,community,0.59,48.8,0.597
INC-00270,Leptospirosis,2023-03-01 23:31:08.537074144,Kisumu,-0.3500630912609142,35.23884072854574,4,community,0.122,13.5,0.383
INC-00271,Avian Influenza H5N1,2023-03-04 21:44:22.124248496,Nairobi,-1.2171769495693232,36.69795536121714,3,lab,0.259,9.2,0.774
INC-00272,Rift Valley Fever,2023-03-07 19:57:35.711422840,Mombasa,-3.9532816172338743,39.56573102455499,5,community,0.134,41.4,0.724
INC-00273,Leptospirosis,2023-03-10 18:10:49.298597192,Garissa,-0.10378466691022098,39.730851702804934,3,lab,0.5,28.1,0.714
INC-00274,Avian Influenza H5N1,2023-03-13 16:24:02.885771544,Kisumu,-0.5869606070881261,34.39600861054779,2,environmental,0.321,41.0,0.715
INC-00275,Avian Influenza H5N1,2023-03-16 14:37:16.472945888,Kampala,0.7009654593423668,32.40360562641186,12,lab,0.491,45.6,0.89
INC-00276,Mpox,2023-03-19 12:50:30.060120240,Kampala,0.466715086426974,32.27572832244513,13,lab,0.308,17.7,0.595
INC-00277,Rift Valley Fever,2023-03-22 11:03:43.647294584,Lamu,-2.6066965138950424,40.50534347910705,17,environmental,0.373,17.1,0.967
INC-00278,Crimean-Congo HF,2023-03-25 09:16:57.234468936,Nairobi,-1.013451611864716,37.18336760633102,15,community,0.375,29.4,0.119
INC-00279,Avian Influenza H5N1,2023-03-28 07:30:10.821643280,Nairobi,-0.9308974582094143,36.90655416612748,9,lab,0.127,16.4,0.632
INC-00280,Avian Influenza H5N1,2023-03-31 05:43:24.408817632,Mombasa,-4.289213516245843,39.526878791527906,9,community,0.358,40.0,0.717
INC-00281,Leptospirosis,2023-04-03 03:56:37.995991984,Kampala,0.7663896809026809,32.491189377366716,9,environmental,0.485,44.8,0.477
INC-00282,Rift Valley Fever,2023-04-06 02:09:51.583166328,Dar es Salaam,-6.837896569701342,39.13984700368736,2,lab,0.428,28.3,0.288
INC-00283,Rift Valley Fever,2023-04-09 00:23:05.170340680,Kampala,0.4510204543333215,32.71566918214471,12,environmental,0.145,43.4,0.55
INC-00284,Mpox,2023-04-11 22:36:18.757515024,Kampala,0.8322455336176436,33.009289391489,6,lab,0.501,30.6,0.365
INC-00285,Mpox,2023-04-14 20:49:32.344689376,Garissa,-0.5916839213608007,40.07887861965698,12,lab,0.285,42.8,0.909
INC-00286,Rift Valley Fever,2023-04-17 19:02:45.931863728,Mombasa,-3.7303176541798875,39.55969797953066,5,environmental,0.109,13.5,0.357
INC-00287,Leptospirosis,2023-04-20 17:15:59.519038080,Dar es Salaam,-6.97395488217154,39.03759045959777,4,lab,0.193,44.3,0.176
INC-00288,Mpox,2023-04-23 15:29:13.106212416,Kampala,0.646809522241491,32.53356650018526,5,lab,0.399,42.9,0.576
INC-00289,Rift Valley Fever,2023-04-26 13:42:26.693386768,Kampala,0.4483299188626425,32.650454230428494,11,community,0.286,16.0,0.396
INC-00290,Rift Valley Fever,2023-04-29 11:55:40.280561120,Lamu,-2.5530843047745986,40.86387791144975,5,lab,0.517,33.4,0.096
INC-00291,Mpox,2023-05-02 10:08:53.867735472,Mombasa,-4.129450906210764,39.8269594098167,6,community,0.244,51.3,0.565
INC-00292,Leptospirosis,2023-05-05 08:22:07.454909824,Garissa,-0.6355843656364384,39.700498023379765,9,community,0.564,15.0,0.538
INC-00293,Avian Influenza H5N1,2023-05-08 06:35:21.042084160,Kisumu,-0.5135936069196361,34.58867154669407,3,lab,0.272,44.2,0.173
INC-00294,Mpox,2023-05-11 04:48:34.629258512,Kampala,-0.1225692299003025,32.42825080576264,18,environmental,0.473,57.2,0.598
INC-00295,Crimean-Congo HF,2023-05-14 03:01:48.216432864,Kampala,0.19407465540718094,32.461112787559735,6,lab,0.58,52.0,0.567
INC-00296,Avian Influenza H5N1,2023-05-17 01:15:01.803607216,Lamu,-2.750405852182513,40.496699768249385,4,environmental,0.331,24.1,0.774
INC-00297,Mpox,2023-05-19 23:28:15.390781568,Kampala,0.013083757581775046,32.24858263241398,20,lab,0.128,36.4,0.362
INC-00298,Crimean-Congo HF,2023-05-22 21:41:28.977955904,Mombasa,-3.8182936791491313,39.89131980214538,22,community,0.421,59.5,0.249
INC-00299,Mpox,2023-05-25 19:54:42.565130256,Nairobi,-1.078297764316412,36.70631971152208,2,lab,0.697,34.1,0.951
INC-00300,Rift Valley Fever,2023-05-28 18:07:56.152304608,Kisumu,0.14687838645738266,34.48249497256014,13,environmental,0.681,6.9,0.561
INC-00301,Crimean-Congo HF,2023-05-31 16:21:09.739478960,Lamu,-2.452286828870021,40.964732410574854,7,lab,0.233,2.7,0.027
INC-00302,Mpox,2023-06-03 14:34:23.326653296,Nairobi,-0.8963695428823045,37.07276254247343,6,lab,0.553,47.4,0.821
INC-00303,Avian Influenza H5N1,2023-06-06 12:47:36.913827648,Garissa,-0.3593894519715524,39.40352136234537,0,lab,0.307,25.4,0.197
INC-00304,Leptospirosis,2023-06-09 11:00:50.501002000,Kampala,-0.02637765825337346,32.90930988192375,7,environmental,0.196,14.8,0.786
INC-00305,Leptospirosis,2023-06-12 09:14:04.088176352,Nairobi,-1.6426703385444659,37.24472785962505,2,community,0.5,20.9,0.705
INC-00306,Mpox,2023-06-15 07:27:17.675350704,Kisumu,0.10139342692970149,34.86535052907384,7,lab,0.401,45.4,0.969
INC-00307,Rift Valley Fever,2023-06-18 05:40:31.262525040,Kampala,0.020539936442078077,32.75146765899158,2,lab,0.424,27.9,0.966
INC-00308,Crimean-Congo HF,2023-06-21 03:53:44.849699392,Kisumu,-0.08440929841795669,34.320531990323055,5,lab,0.596,52.1,0.274
INC-00309,Avian Influenza H5N1,2023-06-24 02:06:58.436873744,Nairobi,-0.7946145240712893,37.26274289102191,1,lab,0.302,44.1,0.766
INC-00310,Rift Valley Fever,2023-06-27 00:20:12.024048096,Dar es Salaam,-7.28834639526666,39.10081273426495,8,community,0.5,58.4,0.317
INC-00311,Avian Influenza H5N1,2023-06-29 22:33:25.611222448,Dar es Salaam,-7.275774198102443,39.63222840054543,8,community,0.32,53.3,0.629
INC-00312,Leptospirosis,2023-07-02 20:46:39.198396784,Nairobi,-0.7933044180694935,36.89620052475024,3,community,0.126,15.3,0.598
INC-00313,Crimean-Congo HF,2023-07-05 18:59:52.785571136,Mombasa,-3.958838165865835,39.17282479884332,2,lab,0.327,39.5,0.055
INC-00314,Leptospirosis,2023-07-08 17:13:06.372745488,Mombasa,-4.416567024481487,39.20674799932343,8,lab,0.67,1.2,0.005
INC-00315,Avian Influenza H5N1,2023-07-11 15:26:19.959919840,Dar es Salaam,-6.395051800245906,39.388746805669925,4,community,0.39,59.5,0.058
INC-00316,Rift Valley Fever,2023-07-14 13:39:33.547094192,Lamu,-1.8890596998723077,40.96472801383193,5,lab,0.165,15.7,0.128
INC-00317,Rift Valley Fever,2023-07-17 11:52:47.134268528,Lamu,-2.2332395868886246,40.42859243720607,4,environmental,0.513,39.9,0.258
INC-00318,Leptospirosis,2023-07-20 10:06:00.721442880,Garissa,-0.33142797013924347,39.889558961222384,3,lab,0.678,50.9,0.907
INC-00319,Avian Influenza H5N1,2023-07-23 08:19:14.308617232,Lamu,-2.496252808499124,41.25420533706918,15,lab,0.645,9.6,0.519
INC-00320,Rift Valley Fever,2023-07-26 06:32:27.895791584,Kisumu,-0.5411823036279948,34.764373482439304,6,community,0.443,50.9,0.797
INC-00321,Leptospirosis,2023-07-29 04:45:41.482965936,Nairobi,-1.1918213911091358,36.78298044035726,6,lab,0.326,0.7,0.838
INC-00322,Rift Valley Fever,2023-08-01 02:58:55.070140272,Dar es Salaam,-6.997598806797237,38.71380110883463,14,community,0.448,26.5,0.735
INC-00323,Leptospirosis,2023-08-04 01:12:08.657314624,Garissa,-0.2895989533396481,39.9327487124936,6,lab,0.59,28.3,0.391
INC-00324,Leptospirosis,2023-08-06 23:25:22.244488976,Garissa,-0.11697482315739877,39.476815066746106,17,lab,0.617,22.4,0.864
INC-00325,Rift Valley Fever,2023-08-09 21:38:35.831663328,Mombasa,-4.525316456085636,40.04696961978254,3,lab,0.591,35.2,0.742
INC-00326,Leptospirosis,2023-08-12 19:51:49.418837680,Mombasa,-3.9477632253142727,39.54126658755805,4,lab,0.373,54.9,0.743
INC-00327,Avian Influenza H5N1,2023-08-15 18:05:03.006012016,Nairobi,-1.5551084603131478,36.882300910630704,3,environmental,0.171,19.6,0.902
INC-00328,Avian Influenza H5N1,2023-08-18 16:18:16.593186368,Nairobi,-0.9125005020961986,36.58756478819932,8,lab,0.442,34.8,0.599
INC-00329,Rift Valley Fever,2023-08-21 14:31:30.180360720,Kampala,0.1012605065618285,32.24310831258492,5,environmental,0.194,52.6,0.529
INC-00330,Crimean-Congo HF,2023-08-24 12:44:43.767535072,Kampala,0.4583661332354183,32.85742790338133,4,community,0.137,46.4,0.89
INC-00331,Crimean-Congo HF,2023-08-27 10:57:57.354709408,Kisumu,-0.03816115991038854,34.76454647884628,4,lab,0.399,2.4,0.454
INC-00332,Mpox,2023-08-30 09:11:10.941883760,Kisumu,-0.1955354999407511,34.804443923752245,2,lab,0.493,56.6,0.812
INC-00333,Rift Valley Fever,2023-09-02 07:24:24.529058112,Lamu,-2.0918192364002057,41.36747595348174,7,lab,0.612,2.8,0.054
INC-00334,Avian Influenza H5N1,2023-09-05 05:37:38.116232464,Kampala,0.5733656347154339,33.046099912222154,1,community,0.57,35.3,0.001
INC-00335,Leptospirosis,2023-09-08 03:50:51.703406816,Lamu,-2.202502204680613,41.2577021217024,3,environmental,0.614,34.5,0.528
INC-00336,Avian Influenza H5N1,2023-09-11 02:04:05.290581152,Garissa,-0.1947977628152459,39.33370829276503,0,lab,0.556,47.2,0.074
INC-00337,Rift Valley Fever,2023-09-14 00:17:18.877755504,Kisumu,0.3917150759929376,34.86222869430158,2,environmental,0.522,8.9,0.977
INC-00338,Rift Valley Fever,2023-09-16 22:30:32.464929856,Mombasa,-4.124204612099195,40.046353424655535,2,lab,0.106,10.8,0.006
INC-00339,Avian Influenza H5N1,2023-09-19 20:43:46.052104208,Garissa,-0.4386369481144691,39.52056293644894,1,lab,0.476,45.1,0.718
INC-00340,Crimean-Congo HF,2023-09-22 18:56:59.639278560,Dar es Salaam,-7.279884122058786,38.809434165935585,13,lab,0.172,9.0,0.243
INC-00341,Leptospirosis,2023-09-25 17:10:13.226452896,Kisumu,0.20432655631037838,35.07891890223992,15,community,0.135,28.2,0.968
INC-00342,Avian Influenza H5N1,2023-09-28 15:23:26.813627248,Dar es Salaam,-6.772123932954006,39.19009155136217,2,lab,0.194,43.9,0.382
INC-00343,Rift Valley Fever,2023-10-01 13:36:40.400801600,Kampala,0.2555574303605652,32.64691268035918,18,lab,0.594,39.1,0.027
INC-00344,Rift Valley Fever,2023-10-04 11:49:53.987975952,Garissa,-0.8591480369106042,40.12824329631784,8,lab,0.546,12.6,0.027
INC-00345,Rift Valley Fever,2023-10-07 10:03:07.575150304,Mombasa,-3.653820578324603,39.77541743049407,4,environmental,0.669,18.2,0.553
INC-00346,Rift Valley Fever,2023-10-10 08:16:21.162324640,Garissa,-0.5582127599594435,39.5710783856661,5,lab,0.687,58.1,0.987
INC-00347,Rift Valley Fever,2023-10-13 06:29:34.749498992,Garissa,-0.27063840179077964,39.516083367847195,3,lab,0.636,26.9,0.98
INC-00348,Avian Influenza H5N1,2023-10-16 04:42:48.336673344,Mombasa,-4.394102843631849,39.58582529265404,4,lab,0.18,2.7,0.337
INC-00349,Leptospirosis,2023-10-19 02:56:01.923847696,Mombasa,-3.581927370458968,39.286605083178664,5,environmental,0.627,13.2,0.483
INC-00350,Avian Influenza H5N1,2023-10-22 01:09:15.511022048,Kampala,0.02603776182183093,32.87727055841757,6,lab,0.603,20.5,0.1
INC-00351,Avian Influenza H5N1,2023-10-24 23:22:29.098196384,Nairobi,-1.5868470071005096,37.15493985818704,13,community,0.623,60.0,0.522
INC-00352,Avian Influenza H5N1,2023-10-27 21:35:42.685370736,Kisumu,0.2672808605577138,34.55235313457341,6,lab,0.191,18.2,0.6
INC-00353,Crimean-Congo HF,2023-10-30 19:48:56.272545088,Kampala,0.7601787441419312,32.38631661840995,5,lab,0.17,1.6,0.251
INC-00354,Crimean-Congo HF,2023-11-02 18:02:09.859719440,Garissa,-0.7410725924766985,40.02043325633481,3,community,0.654,30.8,0.612
INC-00355,Avian Influenza H5N1,2023-11-05 16:15:23.446893792,Garissa,-0.4834191118251721,39.17006935552796,4,community,0.204,5.0,0.9
INC-00356,Crimean-Congo HF,2023-11-08 14:28:37.034068128,Mombasa,-3.8099820954371704,39.688663443767226,9,lab,0.321,16.4,0.001
INC-00357,Rift Valley Fever,2023-11-11 12:41:50.621242480,Garissa,-0.07485426618919838,39.6097747146815,13,community,0.374,59.5,0.229
INC-00358,Leptospirosis,2023-11-14 10:55:04.208416832,Nairobi,-1.4073363049626948,37.00734976957846,3,environmental,0.175,42.3,0.21
INC-00359,Avian Influenza H5N1,2023-11-17 09:08:17.795591184,Lamu,-2.252420513150571,40.56545170014945,4,lab,0.112,3.0,0.124
INC-00360,Avian Influenza H5N1,2023-11-20 07:21:31.382765520,Lamu,-2.027723589480265,41.070390740795155,3,community,0.696,26.9,0.166
INC-00361,Avian Influenza H5N1,2023-11-23 05:34:44.969939872,Garissa,-0.22208402334720462,39.52283300787487,9,community,0.626,10.3,0.626
INC-00362,Rift Valley Fever,2023-11-26 03:47:58.557114224,Mombasa,-3.760516869973915,39.78692077816964,7,lab,0.647,7.4,0.103
INC-00363,Leptospirosis,2023-11-29 02:01:12.144288576,Garissa,-0.38328618135847364,39.18619400987278,5,environmental,0.271,35.2,0.739
INC-00364,Avian Influenza H5N1,2023-12-02 00:14:25.731462928,Nairobi,-1.6817739031952248,36.77895019718451,2,lab,0.232,30.3,0.887
INC-00365,Leptospirosis,2023-12-04 22:27:39.318637264,Kampala,0.75156929087804,32.604770893982376,2,lab,0.356,44.6,0.927
INC-00366,Avian Influenza H5N1,2023-12-07 20:40:52.905811616,Kampala,0.7131685393210282,32.29684640285499,10,community,0.372,53.5,0.66
INC-00367,Avian Influenza H5N1,2023-12-10 18:54:06.492985968,Kisumu,0.20639543581833303,34.407579654179116,12,environmental,0.103,14.8,0.197
INC-00368,Mpox,2023-12-13 17:07:20.080160320,Nairobi,-1.6865265228392705,36.5056973030123,2,environmental,0.568,55.4,0.085
INC-00369,Rift Valley Fever,2023-12-16 15:20:33.667334672,Lamu,-2.565042632918571,40.74620107806334,3,environmental,0.698,31.1,0.232
INC-00370,Mpox,2023-12-19 13:33:47.254509008,Kisumu,0.15189836510765192,34.36476614930497,6,environmental,0.417,15.5,0.962
INC-00371,Crimean-Congo HF,2023-12-22 11:47:00.841683360,Dar es Salaam,-7.269213905418053,39.65564779572961,1,lab,0.333,50.7,0.962
INC-00372,Rift Valley Fever,2023-12-25 10:00:14.428857712,Kisumu,0.38752263370727963,34.67295006149582,4,community,0.336,2.1,0.382
INC-00373,Rift Valley Fever,2023-12-28 08:13:28.016032064,Kisumu,-0.2145573196443193,35.07692560250675,5,environmental,0.158,33.6,0.326
INC-00374,Leptospirosis,2023-12-31 06:26:41.603206416,Garissa,-0.23390746630917642,40.12051612310885,11,environmental,0.26,43.3,0.51
INC-00375,Mpox,2024-01-03 04:39:55.190380752,Nairobi,-0.8988179115119567,36.39795828000274,7,lab,0.401,16.8,0.292
INC-00376,Mpox,2024-01-06 02:53:08.777555104,Lamu,-2.374810111849918,41.05372946793499,12,lab,0.359,51.8,0.98
INC-00377,Leptospirosis,2024-01-09 01:06:22.364729456,Lamu,-2.450307511400334,41.273469086741216,7,lab,0.427,14.4,0.221
INC-00378,Mpox,2024-01-11 23:19:35.951903808,Kisumu,0.017039128898246714,34.90219043396672,4,lab,0.609,50.4,0.369
INC-00379,Leptospirosis,2024-01-14 21:32:49.539078160,Mombasa,-3.9624876262519493,39.59723212135741,3,lab,0.235,4.7,0.429
INC-00380,Rift Valley Fever,2024-01-17 19:46:03.126252496,Nairobi,-1.377249022375203,36.74829935763794,5,environmental,0.117,9.6,0.125
INC-00381,Avian Influenza H5N1,2024-01-20 17:59:16.713426848,Garissa,-0.35144524413229156,39.18199788600736,10,community,0.123,22.9,0.383
INC-00382,Mpox,2024-01-23 16:12:30.300601200,Garissa,-0.017838630433505254,39.680699751289275,3,lab,0.181,51.2,0.857
INC-00383,Rift Valley Fever,2024-01-26 14:25:43.887775552,Mombasa,-4.0758367433734035,40.16174899678685,8,lab,0.442,8.7,0.14
INC-00384,Avian Influenza H5N1,2024-01-29 12:38:57.474949888,Nairobi,-1.5896468192493687,37.27593052597193,5,environmental,0.585,52.5,0.584
INC-00385,Leptospirosis,2024-02-01 10:52:11.062124240,Nairobi,-1.4091830171169961,36.35762222884216,19,lab,0.632,13.8,0.407
INC-00386,Rift Valley Fever,2024-02-04 09:05:24.649298592,Nairobi,-1.3922820174068815,37.02302000362948,6,community,0.481,27.2,0.171
INC-00387,Rift Valley Fever,2024-02-07 07:18:38.236472944,Lamu,-2.63833130697378,40.70382486669693,12,lab,0.342,21.2,0.012
INC-00388,Rift Valley Fever,2024-02-10 05:31:51.823647296,Garissa,-0.790348499445445,40.04908815340614,3,lab,0.193,7.1,0.273
INC-00389,Crimean-Congo HF,2024-02-13 03:45:05.410821632,Mombasa,-3.8589149266063227,39.213320745709275,0,lab,0.341,56.7,0.062
INC-00390,Rift Valley Fever,2024-02-16 01:58:18.997995984,Lamu,-2.4299622457910974,41.337934102011076,1,community,0.299,26.3,0.377
INC-00391,Leptospirosis,2024-02-19 00:11:32.585170336,Mombasa,-3.588578608144193,40.005681743787775,7,lab,0.622,41.4,0.81
INC-00392,Mpox,2024-02-21 22:24:46.172344688,Kisumu,-0.3481052546413926,34.3854603822526,15,environmental,0.392,34.5,0.72
INC-00393,Avian Influenza H5N1,2024-02-24 20:37:59.759519040,Dar es Salaam,-7.193429494895177,38.768152337317304,21,lab,0.236,30.1,0.947
INC-00394,Leptospirosis,2024-02-27 18:51:13.346693376,Lamu,-2.015935436999742,41.23676766432693,7,lab,0.273,37.0,0.427
INC-00395,Leptospirosis,2024-03-01 17:04:26.933867728,Garissa,-0.07218394808212997,39.30185667097458,6,community,0.182,53.9,0.708
INC-00396,Mpox,2024-03-04 15:17:40.521042080,Nairobi,-1.508275643128512,36.85212115297587,3,lab,0.651,42.0,0.665
INC-00397,Rift Valley Fever,2024-03-07 13:30:54.108216432,Mombasa,-4.341388898354523,40.083950857878705,12,lab,0.13,31.9,0.217
INC-00398,Rift Valley Fever,2024-03-10 11:44:07.695390784,Mombasa,-4.357710865128913,39.73565411354932,4,environmental,0.108,38.7,0.304
INC-00399,Leptospirosis,2024-03-13 09:57:21.282565120,Kisumu,-0.06968969863348767,34.66518930147282,1,community,0.21,36.4,0.53
INC-00400,Rift Valley Fever,2024-03-16 08:10:34.869739472,Garissa,-0.48480335875322905,39.591115054853994,10,lab,0.587,26.0,0.797
INC-00401,Rift Valley Fever,2024-03-19 06:23:48.456913824,Lamu,-2.5100001601454656,40.46517717070387,4,lab,0.414,37.5,0.462
INC-00402,Crimean-Congo HF,2024-03-22 04:37:02.044088176,Kisumu,-0.5465288830105737,35.2367083213616,5,community,0.476,26.6,0.228
INC-00403,Avian Influenza H5N1,2024-03-25 02:50:15.631262528,Garissa,-0.4717286596737193,39.456753185081084,1,environmental,0.315,45.5,0.993
INC-00404,Mpox,2024-03-28 01:03:29.218436864,Kampala,0.8069283476356084,32.27188349167286,3,community,0.141,58.1,0.116
INC-00405,Leptospirosis,2024-03-30 23:16:42.805611216,Kampala,0.5001152007526632,32.3685673018404,12,community,0.614,57.6,0.956
INC-00406,Mpox,2024-04-02 21:29:56.392785568,Kampala,0.34310255662861844,33.04689319489148,4,environmental,0.215,49.2,0.809
INC-00407,Rift Valley Fever,2024-04-05 19:43:09.979959920,Mombasa,-4.432784925970384,39.262492053488,8,lab,0.12,36.1,0.839
INC-00408,Crimean-Congo HF,2024-04-08 17:56:23.567134272,Garissa,-0.7007837094504128,40.013402040501184,9,lab,0.444,45.0,0.795
INC-00409,Rift Valley Fever,2024-04-11 16:09:37.154308608,Nairobi,-1.4916150504254573,37.02506689440145,5,community,0.15,10.7,0.208
INC-00410,Leptospirosis,2024-04-14 14:22:50.741482960,Mombasa,-3.778673447392766,39.99822517915903,1,community,0.157,28.7,0.633
INC-00411,Rift Valley Fever,2024-04-17 12:36:04.328657312,Mombasa,-3.666766202735381,40.144103540367894,16,community,0.58,15.4,0.757
INC-00412,Crimean-Congo HF,2024-04-20 10:49:17.915831664,Mombasa,-3.6418351464335617,40.01036065551687,7,environmental,0.395,0.2,0.746
INC-00413,Avian Influenza H5N1,2024-04-23 09:02:31.503006000,Nairobi,-0.8018203917492459,37.26060535127785,15,lab,0.245,58.0,0.272
INC-00414,Mpox,2024-04-26 07:15:45.090180352,Nairobi,-0.8040223168954675,36.44415825679092,16,lab,0.309,51.8,0.181
INC-00415,Mpox,2024-04-29 05:28:58.677354704,Dar es Salaam,-6.339354867232018,39.504116565166974,9,environmental,0.538,30.8,0.328
INC-00416,Mpox,2024-05-02 03:42:12.264529056,Garissa,-0.8813978594971157,39.69177469408105,11,lab,0.14,15.2,0.48
INC-00417,Leptospirosis,2024-05-05 01:55:25.851703408,Nairobi,-1.6485954640721947,36.86071859507986,11,community,0.17,41.6,0.574
INC-00418,Crimean-Congo HF,2024-05-08 00:08:39.438877744,Kisumu,-0.2872354735239671,35.16687757632051,11,environmental,0.47,26.1,0.837
INC-00419,Leptospirosis,2024-05-10 22:21:53.026052096,Kampala,0.4004942540644615,33.054323818646715,2,lab,0.464,48.2,0.769
INC-00420,Avian Influenza H5N1,2024-05-13 20:35:06.613226448,Garissa,-0.8562421112945207,39.85093732304318,4,environmental,0.683,60.0,0.676
INC-00421,Mpox,2024-05-16 18:48:20.200400800,Dar es Salaam,-6.446557042197857,39.191266389471785,2,environmental,0.325,20.9,0.263
INC-00422,Mpox,2024-05-19 17:01:33.787575152,Lamu,-2.152683820922691,40.858463857901846,1,community,0.139,14.7,0.479
INC-00423,Rift Valley Fever,2024-05-22 15:14:47.374749488,Dar es Salaam,-6.749989597697795,39.09466945722318,9,lab,0.423,16.0,0.335
INC-00424,Crimean-Congo HF,2024-05-25 13:28:00.961923840,Kisumu,-0.42639067663270885,34.629555029572664,1,environmental,0.483,5.6,0.235
INC-00425,Avian Influenza H5N1,2024-05-28 11:41:14.549098192,Mombasa,-4.290221525599803,39.55971284168443,7,lab,0.184,23.6,0.01
INC-00426,Mpox,2024-05-31 09:54:28.136272544,Garissa,-0.7929079750177419,39.235852235251194,4,environmental,0.432,1.0,0.339
INC-00427,Crimean-Congo HF,2024-06-03 08:07:41.723446896,Lamu,-1.9175068422052013,40.479496085260436,7,lab,0.219,6.9,0.256
INC-00428,Mpox,2024-06-06 06:20:55.310621232,Nairobi,-1.2021611399387817,37.09709284387231,3,community,0.607,16.3,0.572
INC-00429,Mpox,2024-06-09 04:34:08.897795584,Lamu,-2.0343105724803667,40.848132892920226,8,community,0.601,9.6,0.062
INC-00430,Mpox,2024-06-12 02:47:22.484969936,Nairobi,-1.4903561370899743,37.24790748854462,11,environmental,0.358,43.9,0.271
INC-00431,Leptospirosis,2024-06-15 01:00:36.072144288,Lamu,-2.398187362911723,41.014281008593954,7,environmental,0.68,6.3,0.045
INC-00432,Crimean-Congo HF,2024-06-17 23:13:49.659318640,Lamu,-2.364585035573466,40.43723598218442,0,lab,0.688,52.0,0.641
INC-00433,Leptospirosis,2024-06-20 21:27:03.246492976,Nairobi,-1.0263740282559652,36.47474634131748,9,environmental,0.178,13.3,0.568
INC-00434,Mpox,2024-06-23 19:40:16.833667328,Kampala,0.6199489876745681,32.28833979301301,10,lab,0.321,6.5,0.337
INC-00435,Avian Influenza H5N1,2024-06-26 17:53:30.420841680,Nairobi,-1.5795754724859683,37.29295902438966,16,community,0.46,0.6,0.147
INC-00436,Rift Valley Fever,2024-06-29 16:06:44.008016032,Kampala,0.789134856738099,32.30122422615164,15,lab,0.151,42.9,0.958
INC-00437,Rift Valley Fever,2024-07-02 14:19:57.595190384,Garissa,-0.8325646625563137,39.66185467628805,21,community,0.33,15.4,0.584
INC-00438,Mpox,2024-07-05 12:33:11.182364720,Nairobi,-0.8902669175763697,37.253399931640196,6,lab,0.257,30.6,0.679
INC-00439,Mpox,2024-07-08 10:46:24.769539072,Kisumu,-0.4913063543501907,35.245148729914355,3,environmental,0.671,6.7,0.531
INC-00440,Leptospirosis,2024-07-11 08:59:38.356713424,Garissa,-0.6886801888486889,39.382459435383545,11,environmental,0.347,59.1,0.807
INC-00441,Mpox,2024-07-14 07:12:51.943887776,Kisumu,0.25477653606795697,34.317073643750035,5,lab,0.558,7.5,0.896
INC-00442,Avian Influenza H5N1,2024-07-17 05:26:05.531062112,Nairobi,-1.6068969276539127,36.47082483253776,2,lab,0.332,24.7,0.383
INC-00443,Mpox,2024-07-20 03:39:19.118236464,Kampala,0.26116393130996984,32.14584847870256,8,community,0.179,51.1,0.69
INC-00444,Rift Valley Fever,2024-07-23 01:52:32.705410816,Kampala,0.29745529994412623,32.27764424109234,1,environmental,0.618,14.7,0.23
INC-00445,Rift Valley Fever,2024-07-26 00:05:46.292585168,Dar es Salaam,-7.04709502697679,39.276897714703736,9,lab,0.1,16.0,0.652
INC-00446,Avian Influenza H5N1,2024-07-28 22:18:59.879759520,Kisumu,0.11854320133598656,35.18040479629564,3,lab,0.134,48.5,0.399
INC-00447,Rift Valley Fever,2024-07-31 20:32:13.466933856,Garissa,-0.10188535059779619,39.683317883694336,6,lab,0.319,16.4,0.007
INC-00448,Avian Influenza H5N1,2024-08-03 18:45:27.054108208,Kampala,0.7221711398555718,32.708509556699084,2,environmental,0.512,0.2,0.956
INC-00449,Crimean-Congo HF,2024-08-06 16:58:40.641282560,Kisumu,-0.25237985426343906,34.46982325160954,7,environmental,0.305,25.7,0.868
INC-00450,Rift Valley Fever,2024-08-09 15:11:54.228456912,Garissa,-0.42236960571218557,39.94668262067385,8,lab,0.14,0.8,0.291
INC-00451,Crimean-Congo HF,2024-08-12 13:25:07.815631264,Garissa,-0.7048135961343485,39.76388790850558,1,environmental,0.291,54.6,0.998
INC-00452,Leptospirosis,2024-08-15 11:38:21.402805600,Kampala,0.09239250155014544,32.946656829192726,6,community,0.247,38.5,0.317
INC-00453,Mpox,2024-08-18 09:51:34.989979952,Nairobi,-1.6251349371480759,37.266066107005784,0,community,0.103,35.0,0.459
INC-00454,Leptospirosis,2024-08-21 08:04:48.577154304,Dar es Salaam,-6.352334989192485,39.056228775756594,2,lab,0.421,12.1,0.851
INC-00455,Leptospirosis,2024-08-24 06:18:02.164328656,Kampala,0.7355848286055799,32.17309905853544,6,lab,0.17,42.0,0.305
INC-00456,Mpox,2024-08-27 04:31:15.751503008,Mombasa,-3.7661182866723077,39.39413495791678,9,lab,0.272,40.6,0.451
INC-00457,Leptospirosis,2024-08-30 02:44:29.338677344,Dar es Salaam,-6.774692478712271,39.14616956567584,16,lab,0.485,3.6,0.666
INC-00458,Avian Influenza H5N1,2024-09-02 00:57:42.925851696,Lamu,-2.278832084488128,41.34775365182447,2,lab,0.535,52.9,0.13
INC-00459,Mpox,2024-09-04 23:10:56.513026048,Nairobi,-1.256643333817502,36.695532822373416,13,lab,0.258,34.8,0.422
INC-00460,Rift Valley Fever,2024-09-07 21:24:10.100200400,Lamu,-2.2328719864229107,41.17283321366537,13,lab,0.298,47.5,0.309
INC-00461,Mpox,2024-09-10 19:37:23.687374752,Nairobi,-1.3518259153023098,36.857699692170755,0,environmental,0.248,15.8,0.677
INC-00462,Avian Influenza H5N1,2024-09-13 17:50:37.274549088,Lamu,-2.637685167107932,40.58486877043097,7,lab,0.674,7.3,0.136
INC-00463,Crimean-Congo HF,2024-09-16 16:03:50.861723440,Kisumu,-0.466038147131464,34.58869011895345,5,community,0.214,42.1,0.233
INC-00464,Avian Influenza H5N1,2024-09-19 14:17:04.448897792,Nairobi,-0.8341392841543167,36.97041488502282,13,lab,0.21,47.6,0.711
INC-00465,Mpox,2024-09-22 12:30:18.036072144,Garissa,-0.47118924041364946,39.81895239468489,14,environmental,0.367,23.2,0.156
INC-00466,Leptospirosis,2024-09-25 10:43:31.623246496,Mombasa,-3.590271475094811,39.60296574680904,6,lab,0.214,1.4,0.422
INC-00467,Crimean-Congo HF,2024-09-28 08:56:45.210420832,Dar es Salaam,-7.12877712228989,38.936973602662114,6,community,0.194,49.1,0.713
INC-00468,Avian Influenza H5N1,2024-10-01 07:09:58.797595184,Mombasa,-3.9890604479600666,39.89011277951268,15,community,0.158,12.4,0.765
INC-00469,Rift Valley Fever,2024-10-04 05:23:12.384769536,Garissa,-0.7455027466484607,39.31497204161271,2,lab,0.484,20.3,0.095
INC-00470,Crimean-Congo HF,2024-10-07 03:36:25.971943888,Lamu,-2.5162553938733985,41.338729691865126,1,environmental,0.467,37.7,0.852
INC-00471,Mpox,2024-10-10 01:49:39.559118224,Lamu,-2.739385421238821,40.58996357903648,1,lab,0.49,6.0,0.724
INC-00472,Mpox,2024-10-13 00:02:53.146292576,Kampala,-0.03345068925978867,32.189832362832526,11,environmental,0.564,4.3,0.339
INC-00473,Mpox,2024-10-15 22:16:06.733466928,Kampala,0.7644444076291957,32.58016770236538,7,lab,0.296,1.5,0.764
INC-00474,Rift Valley Fever,2024-10-18 20:29:20.320641280,Dar es Salaam,-6.970821008517667,39.22787759810969,6,lab,0.651,55.0,0.728
INC-00475,Crimean-Congo HF,2024-10-21 18:42:33.907815632,Lamu,-2.1613107880854083,40.91025291477824,2,lab,0.54,18.7,0.601
INC-00476,Rift Valley Fever,2024-10-24 16:55:47.494989968,Lamu,-2.304425868010727,40.83872748933884,5,community,0.583,39.6,0.558
INC-00477,Mpox,2024-10-27 15:09:01.082164320,Nairobi,-1.3859377547547216,37.31203789282961,6,lab,0.533,59.4,0.735
INC-00478,Crimean-Congo HF,2024-10-30 13:22:14.669338672,Dar es Salaam,-6.760467908653931,39.194608612670585,3,environmental,0.315,40.2,0.999
INC-00479,Mpox,2024-11-02 11:35:28.256513024,Nairobi,-1.5991500553846585,36.79516958073983,8,lab,0.27,31.5,0.579
INC-00480,Mpox,2024-11-05 09:48:41.843687376,Kisumu,0.3969018985195765,34.68972206271456,4,lab,0.354,31.3,0.809
INC-00481,Leptospirosis,2024-11-08 08:01:55.430861712,Lamu,-1.951132131296137,40.46888575470146,1,lab,0.158,22.6,0.744
INC-00482,Mpox,2024-11-11 06:15:09.018036064,Mombasa,-3.801862367268485,39.76116263114962,5,community,0.371,36.0,0.856
INC-00483,Leptospirosis,2024-11-14 04:28:22.605210416,Lamu,-2.3006807029860474,40.63002777222318,13,community,0.126,57.5,0.955
INC-00484,Mpox,2024-11-17 02:41:36.192384768,Kampala,0.0004731221263359897,32.72012898022905,13,lab,0.102,47.3,0.193
INC-00485,Leptospirosis,2024-11-20 00:54:49.779559120,Mombasa,-3.6228111417264324,39.219039461948476,3,community,0.659,25.5,0.165
INC-00486,Leptospirosis,2024-11-22 23:08:03.366733456,Kisumu,-0.25031493261827237,35.249343101253,5,lab,0.514,19.9,0.586
INC-00487,Crimean-Congo HF,2024-11-25 21:21:16.953907808,Kampala,-0.10229731030306621,32.55152507901268,8,lab,0.437,53.0,0.449
INC-00488,Crimean-Congo HF,2024-11-28 19:34:30.541082160,Lamu,-2.4270363231893715,41.2988153715907,6,environmental,0.305,8.1,0.571
INC-00489,Leptospirosis,2024-12-01 17:47:44.128256512,Dar es Salaam,-6.497896969504115,39.183889173232934,12,lab,0.442,51.0,0.798
INC-00490,Crimean-Congo HF,2024-12-04 16:00:57.715430864,Garissa,-0.33051125501179185,39.20642981857422,11,lab,0.635,15.3,0.932
INC-00491,Mpox,2024-12-07 14:14:11.302605200,Garissa,-0.20238141525514036,39.968312546093806,8,environmental,0.491,42.9,0.417
INC-00492,Rift Valley Fever,2024-12-10 12:27:24.889779552,Lamu,-1.9758046161376224,41.05024372966713,3,lab,0.461,48.4,0.718
INC-00493,Mpox,2024-12-13 10:40:38.476953904,Dar es Salaam,-7.0803993889194565,39.49008504757395,2,community,0.376,28.6,0.197
INC-00494,Mpox,2024-12-16 08:53:52.064128256,Kisumu,0.3320813160931802,34.69612586350887,10,environmental,0.307,11.5,0.535
INC-00495,Leptospirosis,2024-12-19 07:07:05.651302608,Kisumu,-0.15371239707962742,34.90589274424664,3,community,0.519,50.7,0.022
INC-00496,Mpox,2024-12-22 05:20:19.238476944,Nairobi,-1.1473753507358353,37.173452003796605,10,environmental,0.689,22.1,0.504
INC-00497,Crimean-Congo HF,2024-12-25 03:33:32.825651296,Kisumu,-0.5893932274132581,34.899021442871884,0,community,0.355,19.2,0.545
INC-00498,Avian Influenza H5N1,2024-12-28 01:46:46.412825648,Garissa,0.04014849841117801,39.493772634835906,3,lab,0.335,30.6,0.735
INC-00499,Mpox,2024-12-31 00:00:00.000000000,Kisumu,-0.3108056140358449,34.930485594366196,2,environmental,0.357,26.1,0.649
