ndvi_mean,ndvi_std,ndvi_max,ndvi_min,ndvi_amp,ndvi_growing_season,rain_total,rain_mean,rain_cv,temp_mean,temp_range,lat,lon,soil_org_c,soil_clay_pct,soil_sand_pct,soil_ph,yield_t_ha
0.35630215754693983,0.27182223509706915,0.7697533473524828,0.0,0.7697533473524828,0.6222037912742069,2598.174469489502,72.17151304137505,0.38916341746322075,21.927519466487166,6.556736496845808,3.0689599003594186,39.097055002093946,1.686792667396564,32.98708415003293,42.92996510431329,6.276370657787286,10.0
0.3535945537686612,0.2828355773428027,0.8237145564713837,0.0,0.8237145564713837,0.6212640010164412,1983.9495194224723,55.109708872846454,0.5244511264025796,22.724783677761835,6.880404918769553,-4.019925707455382,34.942092652925446,2.41833239424031,27.38762876957642,41.4629141942005,6.292722355676359,9.519112081457585
0.37410653919259923,0.19206424472962255,0.6844157588842844,0.10025488488053849,0.584160874003746,0.5556747211556688,3581.0610221595352,99.47391728220931,0.2589198017319551,18.576232678417472,7.043890336452353,0.3967483954240105,40.14661420690114,0.6928804567350016,30.284996291686994,49.97129163721672,5.594238696074138,10.0
0.31276474057393,0.19411591617299373,0.6302486272337549,0.0,0.6302486272337549,0.524874535619757,3619.4386079759765,100.53996133266601,0.28454274975887206,18.144244618663564,7.199108351311704,0.15645157209455895,38.14736356033611,1.3219641754986593,25.733678394782732,46.3495902419591,5.69347342898099,10.0
0.37532970857006737,0.29293109272532175,0.8606205020765956,0.0,0.8606205020765956,0.6649126456724517,2154.291618296279,59.84143384156331,0.40404813769631265,22.635730194980013,6.797741797985651,3.9332935853481334,30.667799113806854,0.866258496305297,23.86473067696388,39.16572549246859,6.5656943507387595,10.0
0.4045417321838439,0.2069544079170722,0.7170367857528577,0.11378553394579802,0.6032512518070596,0.5871844626699585,3574.3522125527406,99.28756145979835,0.31208316814785564,18.565097324002473,7.865078460193297,-0.4092069784713255,41.59771716029577,1.5163746992594835,9.168370665049768,43.14774246871055,5.739336010550077,10.0
0.34696029816181545,0.24068690096697737,0.7491650007257655,0.0,0.7491650007257655,0.5884695176254204,3418.9842323465864,94.97178423184963,0.2831227839433873,19.77781409815949,7.148826315927508,-1.2640155428961117,38.93813230468038,0.8426793103364856,24.97475615583114,29.95929387107793,7.179366828470225,10.0
0.3605787671016569,0.22812464325142082,0.7089212910497252,0.0,0.7089212910497252,0.5793730803312369,3309.686144484378,91.93572623567717,0.2620790866363701,20.131494560872465,7.7509930385004395,1.5351959836082107,39.24719738543423,1.0071276587218785,17.616527570814863,49.858856700425214,6.639597277397165,10.0
0.3901691964641015,0.26540435211694685,0.858351275494142,0.0,0.858351275494142,0.6240537340777101,2866.834982221927,79.6343050617202,0.3381341804928581,21.540555733856095,7.283709249237418,-2.568903507490693,31.088609045176767,1.5556010743519364,20.736712655773978,48.40235069887988,6.499500962265631,10.0
0.331878521571711,0.26684119953172447,0.7416947086436133,0.0,0.7416947086436133,0.6150224362982333,2071.9851726436436,57.555143684545655,0.4585082196783334,22.65671160324578,7.877688046121211,-3.9625474795064743,35.084785629905035,0.9657802941566271,27.31480324887901,47.65084754813655,6.0587389184560765,9.60985594533229
0.3480857847219049,0.19031303635227792,0.6535244954041262,0.05497675567986278,0.5985477397242633,0.5434814552329158,3709.281957626308,103.03560993406411,0.28653977229509514,18.517220923106223,7.388560033481982,-0.24334998573879574,34.09789550048401,0.815928748383911,31.771878062285577,45.26611893545619,6.3676839844591475,10.0
0.37837413639748874,0.23379563850638707,0.7499708403858083,0.0,0.7499708403858083,0.5852453962269054,3466.2548885997116,96.28485801665866,0.2852993814930073,19.392862569261368,6.889429788397139,-0.914216945456265,40.991885861722665,1.4474328338087434,24.434274680675074,53.91330764482727,5.850287103409796,10.0
0.30006351244804225,0.24566285884309402,0.7109820595736531,0.0,0.7109820595736531,0.5673266947206483,2775.836947540127,77.10658187611463,0.3498014873539053,21.951688865238587,6.935913441118945,-2.9417306541823893,37.48392748900024,1.7295735554383733,27.105734014338402,43.50337632591356,6.2274281553061686,10.0
0.36584900299259815,0.24073630059167603,0.7419216073846443,0.0,0.7419216073846443,0.6005173630606634,3246.6069107222584,90.1835252978405,0.27582398840694494,20.060552885110916,6.080530668365043,-1.457370088733592,39.70224400455829,1.072754026996922,29.049374962130283,45.46852348318636,5.754607913901226,10.0
0.3171093389882791,0.2321618248583729,0.7188098442723829,0.0,0.7188098442723829,0.5667477879849844,3380.975717163732,93.915992143437,0.29241962317916054,20.158077885621488,7.110038259614456,-1.4696830519112787,34.99833606545891,1.269762735901907,33.55598420125469,38.73024897270136,6.2715715996134325,10.0
0.38564859830094994,0.25671743234517713,0.7428648674496785,0.019261594840713124,0.7236032726089654,0.6052084629495174,3230.58920684657,89.73858907907139,0.3146661205829981,20.869068492697053,7.010253933585908,-1.897548791462,32.317760150131235,1.1962011933692878,24.715504993937785,39.80341650459786,6.836115795052811,10.0
0.26766887034676945,0.2249236224321369,0.6001456707321661,0.0,0.6001456707321661,0.532590694381015,3429.404334769467,95.26123152137409,0.29714403641080633,19.82912767840921,7.641995499275808,-1.3258951230037814,36.37685135899635,0.5872885449301342,20.319486832715093,43.37236353238063,5.789914798272745,10.0
0.39518885259039394,0.26071292549746067,0.8247582035444988,0.0,0.8247582035444988,0.6227204690824425,3158.096327609986,87.72489798916628,0.30158228657308084,20.923217492331844,6.458051807196892,2.0431768000153996,30.291333975691774,1.3522941774787935,26.172194511404435,45.82933518268789,7.150534261300365,10.0
0.3627218449520686,0.26939581077724684,0.763708253193166,0.0,0.763708253193166,0.6265232675135806,3113.2776202455693,86.47993389571026,0.3183221455196723,21.04899727496864,6.9383086461513415,-2.234358779715862,39.76262653270802,1.0311972980819626,15.464008325987775,51.58448302448679,6.337067967214419,10.0
0.29468380410482553,0.2519830392835951,0.6693372533851513,0.0,0.6693372533851513,0.5678919498842936,2735.3419183801093,75.98171995500303,0.37326216754524283,22.888558443764076,6.416338082502186,4.937437193868744,37.332638549113604,2.0466871854775732,21.515334509914936,46.533554673132954,6.35565201312691,10.0
0.3744649735765237,0.27821488451806137,0.7983878517106735,0.0,0.7983878517106735,0.6371851599353068,2507.195364001191,69.64431566669975,0.39804725126697305,22.790289334813465,7.825125963099392,4.5798282149199565,38.90028797705863,1.1275153945207896,15.061426778448496,38.186906716132036,5.183511259260262,10.0
0.3546444862443346,0.18822527902855588,0.6186963323798365,0.05165722327130114,0.5670391091085353,0.5399274633948937,3643.3218895758273,101.20338582155075,0.23799869737453255,18.224728889044663,6.948241142406692,-0.20998528869913535,33.896122004810366,1.3714274124282206,23.639748131530848,42.558963623652346,6.507161274855822,10.0
0.3972610203613354,0.2576224605709244,0.8112193919710282,0.019321048297321362,0.7918983436737068,0.6251024686515017,3186.44883352598,88.51246759794388,0.31916521250072627,20.7447381409138,6.985607526589007,-1.8880267449484234,41.5366555024968,0.3701954493849897,21.650660811114165,50.40127451703762,5.874217181398628,10.0
0.38959539167389595,0.20092827906361335,0.7210011431195358,0.0,0.7210011431195358,0.5634176475616941,3605.0077153048933,100.1391032029137,0.26622081986368745,18.623664548788504,6.933634695118037,0.389782688130035,40.57470190439525,1.0309434560341606,19.960449568982256,50.406106290431495,6.828684402506937,10.0
0.3650895260182558,0.27359397455554724,0.7423770782627956,0.0,0.7423770782627956,0.626750060368471,2151.3215904501826,59.75893306806063,0.41050375565349284,22.548958059953303,7.065965983578749,3.834165376509871,39.15195536371465,1.0620148653652128,16.289392850076503,47.92534083408073,6.401700602197784,9.88786670225858
0.3908030518990074,0.24847770523393894,0.7857209929268228,0.0,0.7857209929268228,0.6349127560733758,3267.500995207191,90.76391653353308,0.3185175918961709,20.29912390576787,7.766911585345962,1.6784607461611225,31.913519977364402,1.0139712573138906,29.179168286489578,46.93044084471967,5.93520994571588,10.0
0.30520056822790786,0.2638868357590487,0.7229615543691994,0.0,0.7229615543691994,0.5833357066825575,2558.169359061947,71.06025997394298,0.36983268609834435,22.083978116429854,7.135358912604104,3.348310107417852,35.287340446215225,1.8561969729362295,27.762777515905576,47.99463137929971,6.78725493264738,10.0
0.39372109276151274,0.19980078403050525,0.7277791701794896,0.08916057793259803,0.6386185922468915,0.5790210093464107,3610.016265108992,100.27822958636088,0.26024492052224374,18.493481709887288,6.861615356807942,0.3599450367231416,30.043166695761638,1.141586525790441,20.2140192550305,54.833996108722275,5.883531583310999,10.0
0.4014154683023399,0.25438860911048156,0.8234789790148824,0.019363072714450383,0.8041159063004321,0.641969480511748,3273.818947290161,90.93941520250446,0.30322023839215023,20.184239070654122,7.301953282621543,1.4620939219438283,31.41318970163759,1.0309875241560242,26.134815834399856,39.87272550943914,6.590068129682932,10.0
0.3129797592143979,0.26377924619704285,0.7823202955515118,0.0,0.7823202955515118,0.5893951960025867,2988.2085858027217,83.00579405007561,0.3225928277455068,21.130139514398277,7.697638017634404,-2.3302882439929213,37.96980702020644,1.4068643951136046,22.015090692337335,52.67829529226853,5.850855711464675,10.0
0.3501156959366674,0.2669283380519189,0.7208694810219181,0.0,0.7208694810219181,0.6026283635755973,2938.9758320614105,81.6382175572614,0.3423880157681321,21.64141859385611,7.254892084079842,2.5838247854131993,38.735050733256934,0.9717238848461998,15.457016554262388,40.186443833077696,6.432242545510202,10.0
0.39003318101078577,0.27822263949612885,0.807148692863062,0.012775441367433743,0.7943732514956283,0.6357480928130619,2505.291833605417,69.5914398223727,0.3911745279196989,22.215933884800883,8.143434385218498,-3.273549475617098,41.4971206821842,1.7245341848182094,15.86736362388419,39.14839783601274,6.144567251039002,10.0
0.3652874136358229,0.2617820840209695,0.8093869334773224,0.0,0.8093869334773224,0.5987112917677024,3007.417731198398,83.53938142217773,0.34389526929079767,20.93116461629371,7.139570690192418,2.1427794170034806,33.54023444091308,1.32547354539701,19.495587305705975,46.703376319310024,6.072457874663183,10.0
0.35320784091617,0.2728556644934627,0.8189330443885711,0.0,0.8189330443885711,0.6366407939351516,2185.2017187085876,60.70004774190521,0.4050174086615109,22.79202205013224,7.316681538850776,3.967909751584834,34.09370035483237,1.2518114299113248,14.8442163651665,47.87494677958046,6.17785868834091,9.968231111412742
0.3247263978717858,0.268526692590995,0.7755062959228618,0.0,0.7755062959228618,0.6238450897525379,2207.7978204360834,61.32771723433565,0.4040130903178502,22.67609339091032,6.975802837480334,-4.046868789683017,35.32249205982002,1.833103111415789,25.64478703618324,47.005502995677354,5.615025995235295,10.0
0.3832081795861884,0.2364956628141214,0.79139501393757,0.0,0.79139501393757,0.6021731047908567,3365.8078473621017,93.49466242672504,0.2773217060395102,19.77645356942535,7.254397493089634,1.2581771459611177,31.849444852645142,0.7464043622639359,19.813298611744862,61.679563052403864,5.964643667473728,10.0
0.3986547738786721,0.27813157025969826,0.794614092916731,0.0033754239206399018,0.7912386689960911,0.6648350031541181,2429.3210795235887,67.48114109787747,0.41503991162861614,22.67651393580501,6.596526537725762,-4.453946769470719,31.111026666159848,1.6082593819346576,22.70065723107041,41.75814416173804,6.398965271498398,10.0
0.31240195551801697,0.25998208120372807,0.6876110476859147,0.0,0.6876110476859147,0.5997818888762867,2960.059369052154,82.22387136255983,0.3129205340700763,21.38825074385852,6.456643007974407,2.482871910985696,35.39874108520158,1.3084338717748376,17.247066371766465,44.45158349218775,6.049657277513069,10.0
0.4036125654770591,0.2800485170353866,0.8002424627139808,0.0,0.8002424627139808,0.6401734923498501,2557.9158134046356,71.05321703901765,0.3956289282590018,22.88951999572778,6.606311987518925,-4.570574592941277,32.313675928230964,1.4143536671976142,25.38934372088777,47.708077151422295,6.23993118293494,10.0
0.319990683474388,0.2551706805078326,0.6945585973796656,0.0,0.6945585973796656,0.5777364140949187,2564.206343887506,71.22795399687517,0.4067802442530209,23.001189149066228,6.613232817540634,4.795338049706887,37.805693534063124,2.5360808788436424,24.929307462895153,49.73108561323407,6.011463801322411,10.0
0.34354747642685063,0.27321948876339364,0.7901968936638805,0.0,0.7901968936638805,0.6176332695917294,2159.8935046954703,59.997041797096394,0.42734693388069395,22.675017112089265,7.051835933296655,-3.988512769584176,34.9206837940169,0.6146630510110844,30.783169125513155,42.84316031486314,6.652905615736445,9.764932674170819
0.39343074895849567,0.2746455841804651,0.8055655871351307,0.0,0.8055655871351307,0.6343761717704627,2697.5105955297745,74.93084987582706,0.37234645690830986,22.993955515433967,6.468895114336295,5.047682704999884,39.82520963111718,2.2029624143824167,27.71616585337731,47.61290501964533,6.5290524996103825,10.0
0.34230004383113327,0.28001401500762374,0.7601949413564784,0.0,0.7601949413564784,0.6200223545024434,2608.2622884227453,72.45173023396515,0.40248641473972535,22.186824735105713,7.318713475025653,3.309725936936063,38.18328726482789,0.8979410553075411,25.477749600946815,46.09079087159818,6.200998302525731,10.0
0.3663501388463235,0.23388391899079009,0.7076622210453436,0.0,0.7076622210453436,0.5965113789872277,3501.9727933233607,97.27702203676002,0.2811679035010959,19.40710949783203,7.2463542734707325,1.030502049129895,33.37334635313731,0.9230917482890701,25.166022956049638,42.48248332153198,6.168427536902232,10.0
0.37326887243447804,0.2805242300584972,0.7756810062275117,0.0,0.7756810062275117,0.6359019928251872,2678.424325358927,74.40067570441464,0.36327116089266814,22.08788406779034,6.428884950174243,3.1088651509250163,39.82002153730049,1.4037599124966798,24.312117198643946,41.85605410535651,6.280272958829726,10.0
0.37079867335714645,0.2790404030668477,0.7955390671710179,0.0,0.7955390671710179,0.6338139892971766,2543.26442726126,70.64623409059055,0.38668310252391946,22.03465277217647,7.3093072593870545,3.2462632288139446,39.479078032960345,1.1455765317062796,20.014420158724846,41.61771999784525,5.391204160854973,10.0
0.3571724784573122,0.28346285361026163,0.8344064157837069,0.0,0.8344064157837069,0.6294907780342619,2629.3715171355307,73.03809769820919,0.40267571882744035,22.958790131456784,6.561824225377741,4.906297690990634,34.304731899974165,2.0704205938702636,31.12000468054407,48.47790362466343,6.46034688746634,10.0
0.3982350465869082,0.2790914555675036,0.8374284617396508,0.0,0.8374284617396508,0.6466626747797343,2864.8973092053334,79.58048081125926,0.33054050857871536,21.537254964995142,7.376848819834539,-2.712783107768941,33.07526848873503,1.208712804550181,21.047512750899333,55.872560531023716,6.4271411491863715,10.0
0.3059715589626067,0.20946748559141642,0.6639718409536675,0.0,0.6639718409536675,0.523755394978437,3446.850893661273,95.74585815725759,0.30261628370075194,19.54012856728507,7.914079117566811,0.9908348489414012,37.96294424928969,1.2494741394805449,21.785281667900943,44.064800606842795,6.366830390247399,10.0
0.4102329259019335,0.28106487499998045,0.7940452285120767,0.0,0.7940452285120767,0.632393800884799,2418.615081397227,67.18375226103409,0.39435384572939175,22.962165848118257,6.483251998473996,-4.454458826791587,31.23293079675544,1.5858125277170165,26.966158429961872,45.51031720065134,6.12681294368004,10.0
0.39794161199438993,0.233847144362673,0.7585930797489157,0.0883910325487788,0.6702020472001369,0.6179195878452505,3385.473309743251,94.04092527064586,0.2642254734099,20.041818025143456,6.712881848424569,1.2778227002653342,31.978861710691348,1.1590256759657132,20.272750325241475,37.27123972201504,6.642936333536025,10.0
0.3855176384659279,0.28097671109633066,0.7952580682252164,0.0,0.7952580682252164,0.6368601495255927,2294.0781744724873,63.724393735346865,0.4503523023462392,22.457670637073363,6.601118839859478,-3.6157956549793226,29.59129214491247,0.4689948799914916,24.22586827209873,31.428438756544413,6.368672214816931,10.0
0.36426655531287017,0.20336223063790054,0.6646296861467931,0.049810843280915174,0.6148188428658778,0.5651317679819503,3527.767702166377,97.99354728239936,0.24896599628733657,19.0905251194004,6.463700199170852,0.7144567261968602,39.25786228102652,2.050711015572809,25.889018560815668,43.076694714039185,5.969129238374821,10.0
0.2870010383177066,0.21255740583387658,0.6496719552494641,0.0,0.6496719552494641,0.5105733116691037,3544.1504912882256,98.44862475800626,0.2699603102120113,19.262478739357764,7.0356519554316534,0.7967356543723465,37.7441506217412,1.7648581265683272,22.05350445194135,51.41092887058644,5.580123718533594,10.0
0.31687981953216765,0.2114658558539371,0.7346927277571439,0.016937904191418204,0.7177548235657257,0.5414107367901336,3556.861995582824,98.80172209952289,0.2759538280182072,18.5700861735193,7.303593025101613,-0.37416331720649953,38.24405069496655,1.4387323180139553,25.171843026291775,50.29821331295123,7.036058203338607,10.0
0.3515003511468092,0.20062585051267331,0.6514611457742661,0.01696186698071671,0.6344992787935494,0.5378235829974799,3640.921981469761,101.13672170749335,0.2774029661171517,18.32864423950303,7.109920365852032,0.24894953064435033,39.1810399846724,1.217256310137857,20.093037078468,52.61358572107782,5.988635595271112,10.0
0.3162890767801815,0.2580722249768168,0.7126843447664523,0.0,0.7126843447664523,0.6173040121694189,2727.191855380365,75.75532931612125,0.31947974054579187,21.83341722077526,6.687666072847303,2.9031572900724676,35.19055561667541,1.0138750904003382,24.799718308984986,50.6437917286278,5.9810159903636055,10.0
0.28195197765520297,0.25253463188373637,0.6799927864305935,0.0,0.6799927864305935,0.5622829737379782,2491.9291720998544,69.22025478055151,0.40270887335512007,22.086136582649466,7.526700584292662,3.291691881632733,36.552390829815884,0.8011362162714282,19.477792638924747,42.41791354025592,6.689329559031661,10.0
0.4001489327764939,0.17910016327840939,0.737139453999432,0.12483386485693991,0.6123055891424921,0.5459998360824988,3601.112171068424,100.03089364078954,0.3054189363070985,17.97555018375924,6.963082958567703,-0.08631462867028006,31.233482776782953,1.1988274055435963,33.972447172765975,38.96543567958966,5.521875898786376,10.0
0.3872999919502178,0.2196615785249332,0.7677886932316405,0.05119181691276467,0.7165968763188758,0.5751668409152435,3439.2961642758332,95.53600456321759,0.2712153066904368,19.758865213013237,7.1496279497583455,1.0955278567487348,30.92017291184607,1.0329511666434232,19.14394589207047,54.30183346642761,5.959273156536143,10.0
0.3173946328554702,0.2653108651653436,0.720040354705034,0.0,0.720040354705034,0.5939883827419494,2748.178345163298,76.33828736564718,0.34024609083438756,22.928730219940977,8.076686097754411,4.74359859259112,37.788196726201846,0.6741401936195587,33.189893700308104,34.53495371256639,5.759732107857169,10.0
0.33739142657671084,0.2659249556519633,0.7158267824456367,0.0,0.7158267824456367,0.5897647434525831,2358.7692909094744,65.52136919192985,0.39454700954485633,22.887579038976227,7.282097207594187,-4.182930526487649,35.34159295617484,1.2871172302232037,18.56232569019211,45.704376443668565,6.015839863094424,10.0
0.3023811101588721,0.2663498780737612,0.7350555269203156,0.0,0.7350555269203156,0.57979174041435,2293.0115925777063,63.69476646049184,0.45124777932869475,22.849491040589403,6.599731164157362,-4.211860775098785,36.50892772036674,0.536252307560161,28.42333641990937,41.46386103222437,5.483472564566817,9.75815917686366
0.3520095165573933,0.26993749322738453,0.8003999193517664,0.0,0.8003999193517664,0.6032235532655935,2519.6874872985595,69.99131909162665,0.37127197014694663,22.874898042820835,7.744751459808448,-4.535200868981548,38.985985831958715,1.643766820517487,20.14055285245476,44.095963980228824,6.397471254507389,10.0
0.2756033102333823,0.22377639596831542,0.6336995294104226,0.0,0.6336995294104226,0.5296472526646323,3207.312551124669,89.09201530901858,0.27245617493500385,20.595763923917062,6.543686637950774,1.7364961354458064,37.37050716800732,1.0022642673000826,32.708999804978596,51.60982899150125,6.77380573249027,10.0
0.2644719417243739,0.22329371112070157,0.6370722699408755,0.0,0.6370722699408755,0.5407706304312715,3591.3422187763185,99.75950607711997,0.2591793981362704,19.215448459631787,6.362120787199824,-0.8953086913058259,36.364384568159146,2.4459379536912254,21.502380665523688,38.5619680182125,5.765420269274025,10.0
0.2788284591955702,0.2479939630884772,0.6837141295823268,0.0,0.6837141295823268,0.568849969451788,2629.794839700683,73.04985665835231,0.3899746775206921,22.03199576974517,7.020748062372764,3.0175355775602757,36.434168793243124,0.2269957036515552,26.57053682591826,38.22179086519651,6.468267993208119,10.0
0.3664548140636276,0.24999262312254106,0.7654360111174209,0.0,0.7654360111174209,0.5966558715711595,3250.9840486822573,90.30511246339603,0.3127870197202824,20.644253089798497,7.273725736956205,1.8835455463945188,33.26898121597639,1.8142923192093445,33.90922708120399,49.14525269407743,6.632804880634601,10.0
0.384133520145894,0.24767917928399427,0.81911798646197,0.0,0.81911798646197,0.5926107920839321,3189.416992509559,88.59491645859886,0.3128380939447378,20.61125138181257,6.899259855020901,-1.82998465838938,29.88214114864245,0.9269638222695491,21.889807558543826,47.06283217206259,6.586192300468977,10.0
0.34619002153564016,0.2597756751579766,0.7167931386349914,0.0,0.7167931386349914,0.6041363633004313,2499.9983192782665,69.44439775772963,0.4033661188442679,22.865472391869552,6.806904214697969,4.382032020976894,34.915295626481296,1.1068828248430842,19.296300519734363,46.443365838363036,5.7420333232674565,10.0
0.39729026202685414,0.2766934116695576,0.84701027808196,0.0,0.84701027808196,0.670017024584009,2821.707530235291,78.38076472875808,0.32070203001471426,21.804242166249526,7.101878185508696,2.887853617777175,32.16084994296216,1.7476515177645628,34.35258204403149,35.71420738391022,5.923591284521929,10.0
0.34556800769545604,0.2540903710701891,0.7014821389150172,0.0,0.7014821389150172,0.5770606614876187,2893.3187323829784,80.36996478841607,0.33559922312601265,21.42670028457085,6.740141649214809,-2.524115649988067,34.565755182185484,2.0107481877377302,28.62116277127966,29.5947092525317,5.8850581871093315,10.0
0.3798390195838197,0.2445096890836434,0.7580927715593521,0.0,0.7580927715593521,0.6192426048010073,3379.297287075819,93.86936908543942,0.2638680113463694,20.20453916017191,7.361286477167333,-1.4938878045074055,40.08219810852526,0.6959433427841103,25.31964850911683,45.38808559249289,6.076645935587833,10.0
0.39711906915129763,0.2544285068088666,0.7906669256424297,0.0035716022656151064,0.7870953233768145,0.6094847687911171,3181.0552265464653,88.36264518184626,0.3154878180008856,20.829052115208025,7.070445219170459,-2.041160217753108,32.40084962473023,0.25675979399700144,17.380161578597487,39.5114784917387,5.744733834448465,10.0
0.39963913847018123,0.2920580700170496,0.8296155830007705,0.0,0.8296155830007705,0.67650913057965,2294.9353684076,63.74820467798889,0.4255088467350866,22.57508201298099,7.165531742642177,-3.7662718651250042,30.22295399694442,1.3886260454761137,22.80038358190889,38.161636792065956,6.151483434683038,10.0
0.3862840192214463,0.29246504243424765,0.8510256129268113,0.0,0.8510256129268113,0.64830334429015,2149.3814547219813,59.70504040894392,0.44243481627058245,22.545676646317308,7.48297223705741,-3.874382902035892,32.989160261072755,1.1926090589327265,20.424879734442953,41.26412949083946,6.05431991484244,10.0
0.37973978798696334,0.274591576268016,0.8126899166236178,0.0,0.8126899166236178,0.6318442097956182,2604.042991574005,72.33452754372236,0.34910243040667416,23.07481825034506,7.149525146972781,4.797402097133185,33.14056259630688,1.2295229941711932,31.13026545081441,45.95896325693842,5.652957583032207,10.0
0.2949894570192951,0.21719045432281864,0.6581822668760487,0.0,0.6581822668760487,0.5295377316665999,3512.1286561589627,97.55912933774897,0.3277593014301782,18.961912555624085,6.876514555822158,-0.6830555908137139,37.707764782613495,1.5635893548742248,33.26400080982452,43.86726205043499,5.937651838806577,10.0
0.25990488109019916,0.21846215494203244,0.6872202947289731,0.0,0.6872202947289731,0.506984503341312,3405.59855989391,94.59995999705306,0.2793786759982765,19.857014013025363,7.23043416165261,-1.2834819494484915,36.40719868903185,1.0028005181871578,27.324531062498984,45.55455330607463,6.311497486362399,10.0
0.35555174704422826,0.2736133624361833,0.8332329282740369,0.0,0.8332329282740369,0.5957586969293446,2863.5036684026636,79.54176856674066,0.31964871627520636,21.30471870744574,7.741604242113439,2.5265427954511566,39.22033779291952,2.0019489583831533,19.8995262599053,44.55721242334994,6.691778973735514,10.0
0.2978369933210647,0.21801013228520602,0.65272023708828,0.0,0.65272023708828,0.5446207614534149,3612.959304599897,100.35998068333048,0.26062500261937577,18.8061991220153,6.960903132575522,0.5829237177818989,37.737487900059605,1.384827030563678,20.108174025991445,43.13896456614004,6.4014762312478055,10.0
0.3608991994343629,0.2709169341715386,0.792979900238304,0.0,0.792979900238304,0.6144968769384124,2663.3751840597665,73.98264400166018,0.3761131794005341,22.830793661742902,6.666360996107759,4.797539855223084,34.53919708185688,2.08623868067408,28.326274688958126,48.973314190151555,5.752176687289625,10.0
0.37507245407361567,0.2845736714081079,0.8749669835712595,0.0,0.8749669835712595,0.6279068150213605,2553.182652876946,70.92174035769295,0.37295889755747913,22.01099686313157,7.316993031777695,3.083316433003315,39.59385276985883,1.3877499199768406,23.694334023759676,48.39801175448584,6.3293850373313125,10.0
0.40728208613408257,0.2014095237370542,0.7172021915232021,0.08907476666954917,0.6281274248536529,0.5825547334399023,3657.171436803787,101.58809546677186,0.2737439758514889,18.344356625465938,7.357999086441401,-0.22693479463005595,31.570464206855533,1.4466536062873019,37.9914287000983,49.80855318188522,6.547590639603397,10.0
0.38741250982645614,0.2536220958041632,0.8161812814239157,0.0,0.8161812814239157,0.6226425066780512,3518.4733683420664,97.73537134283518,0.26190418825986966,19.939167215325675,7.361016272595776,-1.3600457917109114,29.78162970685987,1.0152801357460188,32.64019004037664,44.39859845901692,5.700239495448267,10.0
0.3818271104273394,0.2752573724970388,0.8408767781697623,0.00022397404294340756,0.8406528041268189,0.6393304298523244,2832.108871358504,78.66969087106956,0.3504230689962061,22.940376479566886,6.9103442220961355,5.352946994167542,30.616593473617957,0.9504011396467784,24.44886835243891,41.66781607269973,5.929136143931933,10.0
0.3448827704106977,0.25192513753570095,0.6882717718806605,0.0,0.6882717718806605,0.5799842862679546,3024.6050460788597,84.01680683552388,0.3077411113161697,21.19463760905231,6.487898785454963,2.395362596040078,38.45725594739598,1.377593077442611,33.30253233526204,36.09076722173149,5.885133168814237,10.0
0.33519636292415605,0.27287156488160075,0.787336740402643,0.0,0.787336740402643,0.6173620744415591,2801.371835005415,77.81588430570598,0.3261451522110606,22.96617403409691,7.281745874356531,4.963141260042253,35.227277655117206,0.9136960159834326,14.96692914974507,34.61772120486469,6.072201930930742,10.0
0.42150698201200526,0.28612512969225545,0.9037874598270311,0.00962408836481804,0.894163371462213,0.6766341677221601,2385.6858498158554,66.26905138377376,0.41112205170372024,22.823035499967716,7.813968855265983,-4.1967356506125455,31.49977006001666,1.3131552886442952,31.05363572074809,38.05140044728009,5.87965403164236,10.0
0.30278916434144393,0.2548878511164151,0.7642331143201039,0.0,0.7642331143201039,0.5930619874585601,2213.24996435757,61.47916567659917,0.404935947410231,22.598950353485677,6.574726041095342,3.8558704710986085,35.71295521128171,1.1335842920157813,15.985064799930115,35.743239663381544,5.85787332645377,9.727057101197612
0.4030173567293899,0.2360429241441395,0.7608532541519435,0.0,0.7608532541519435,0.5965486517110449,3340.9528226116563,92.80424507254601,0.30936301881584666,20.24423386214556,7.05821969071199,1.5078127239032835,31.38867007364329,1.7589475048537015,36.82756099592577,40.31472375624774,5.838696316170958,10.0
0.3319637639289609,0.2723731071297144,0.7574468777241525,0.0,0.7574468777241525,0.6166932004861965,2188.867086628431,60.80186351745642,0.4185092733770803,22.544529199649627,6.861392452613426,-4.1588615383137615,38.134372650963925,1.7840902254128967,23.82116012423545,39.57052228429674,6.414981024493458,10.0
0.30995710310298547,0.23980986895038273,0.6949000811082986,0.0,0.6949000811082986,0.5832306118950108,3402.0509225371497,94.50141451492082,0.26506197278776733,19.42483427925829,6.956992549504093,0.9708379996614278,35.03233781711798,1.138459642169673,25.959577386472482,45.513838889981876,6.016316343924156,10.0
0.35162323948217755,0.2658016076895908,0.7980243153307288,0.0,0.7980243153307288,0.6134712396702886,3144.357191221905,87.34325531171959,0.32066164400378155,20.85600511420446,6.496096100489666,2.0470600161599366,34.22466320359638,1.7519067853190249,22.475570552709353,60.01078105076437,6.131544802130481,10.0
0.39613895535541815,0.2672680441906001,0.8054801596374672,0.0,0.8054801596374672,0.6444032519726332,3017.3385155298815,83.81495876471894,0.33572008434105216,22.898690991127452,7.301180304594769,-5.364670455225369,33.23874990543367,0.7961331199140287,21.88600505718754,45.98008648048789,6.4183102916646595,10.0
0.27941178781909926,0.18429989513963393,0.5971979413571727,0.0,0.5971979413571727,0.48430710278256667,3556.1621174386814,98.78228103996338,0.263228503955651,18.585318127586376,7.499222358409622,-0.5025024197407877,37.315504154674215,1.3727129539520608,26.069412928901663,47.14003074528057,5.96810503562455,10.0
0.36018803127457005,0.2824021075670215,0.8760588485082508,0.0,0.8760588485082508,0.6265385164201747,2343.2884173230077,65.0913449256391,0.4064693868855438,22.52441778793146,6.797597321936763,3.5793946231595335,33.98647637086204,1.6886263241260786,36.43302072951121,42.05624982849279,6.499953935752129,10.0
0.3985975034170965,0.27308336930012445,0.8282877813713014,0.0,0.8282877813713014,0.6555106454492019,2992.668256917478,83.12967380326329,0.3238687015741977,21.171073711235493,7.2681606401900964,-2.2510507212150115,30.586858999519652,1.6263308664655924,24.6874445238578,42.676743028873176,6.525312896510883,10.0
0.4013798154442919,0.20536719114021862,0.7377030689533883,0.08973965498346664,0.6479634139699217,0.5939594386598552,3549.86751084177,98.60743085671584,0.29373591458644693,18.736839288768593,6.556820600710605,-0.4559711002159377,30.96327318629439,1.3283162718906427,14.988295884844915,36.998405564573964,5.788808013434151,10.0
0.4105481934548432,0.2078236899583819,0.7755385625334061,0.0767292492579085,0.6988093132754977,0.5851041454432027,3450.275542821402,95.84098730059449,0.28212826257334866,18.870015313087258,6.185802306161651,-0.6345446022531753,41.42753104041398,0.741774651607243,22.59257286484408,46.940512750303554,6.412954060717845,10.0
0.391230083229134,0.2744391223273873,0.8302923177643523,0.025811053244297968,0.8044812645200543,0.6543622559508503,3095.028453761035,85.9730126044732,0.29249311528421323,21.043415347580122,6.766530366989041,-2.1787986941325928,40.76640056477433,1.7974566724811485,25.72521479073665,46.09367222066052,6.613204665964484,10.0
0.3413784179292984,0.27739430215609134,0.773935755844148,0.0,0.773935755844148,0.6316561849314123,2539.4290673474793,70.53969631520776,0.39782557096433935,22.973951237842996,7.917795573321936,4.602860850671096,38.1763684592533,1.1314213074475725,26.908269707255002,32.27418027766463,6.153296804845051,10.0
0.38544629545068915,0.27024494992019416,0.796638008681048,0.01314002926507371,0.7834979794159742,0.6495314678635814,2666.592816535173,74.07202268153259,0.35047684466323864,21.97993366687644,7.396920314790695,3.094234389746674,32.79678752209804,1.373665867587994,31.08116142440034,43.38356595841889,7.0930789770695135,10.0
0.39351326302754663,0.28379540400310094,0.8195325385251708,0.0,0.8195325385251708,0.6730246884588323,2293.722790182397,63.71452194951103,0.37260482687087315,22.85186322442627,6.8087996130358235,-4.283527479042784,41.51778707911178,1.3518519435544263,15.629296276445135,34.53104971744513,5.811627906522125,10.0
0.3717231565099388,0.2736511067738123,0.8090080225012577,0.0,0.8090080225012577,0.6152862986354877,2906.307780570486,80.7307716825135,0.30846349993776867,22.993245894209142,7.029191439449377,5.467381236213303,39.156511209175854,0.8338849800225339,31.034985606085332,57.89211748570393,6.2930465085437906,10.0
0.3426632661368028,0.28612554123023853,0.7711337678687741,0.0,0.7711337678687741,0.6463579188178314,2321.4377935196726,64.48438315332425,0.397781599381459,22.679220899983775,7.701116759649544,4.171200267385197,38.38943834557155,1.514544353305562,23.210201292450638,48.711501539403486,6.105484153515234,10.0
0.3310427857914417,0.2530100368750336,0.7453602583122512,0.0,0.7453602583122512,0.5905012714915804,2909.1102394582467,80.80861776272907,0.322565482663936,21.141256633851103,7.417756794325857,-2.3770071834955715,35.07208262658298,1.0202773741466389,25.93637024454667,34.60065566961069,5.590435782685672,10.0
0.38745421330895746,0.2840247749125073,0.8952801697205266,0.0,0.8952801697205266,0.6546924820229187,2216.4193140604407,61.56720316834557,0.43775258489610197,22.527107191175812,8.570030390248078,3.7058623762703213,32.87579536687997,1.3405154800730228,24.239901553372388,47.2720375571107,6.249543091424573,10.0
0.4121741270321829,0.29316879287413644,0.9011587596832835,0.0,0.9011587596832835,0.6700192536750973,2461.2866523189637,68.36907367552676,0.3772402260752508,22.837823255888765,6.277113513813337,-4.329385149414788,30.695247930703392,1.7067735077785557,26.807425732538597,54.599071154070984,6.756555761125288,10.0
0.39639801445107775,0.2775267919444155,0.8010525153650527,0.0,0.8010525153650527,0.632538990161728,2907.978802763718,80.77718896565882,0.3565317600740761,23.031353945038422,6.672169767662378,5.490152035216624,40.69226971714363,1.2523546674864305,27.188406994796306,47.895135774892076,6.676665453175367,10.0
0.2985138611053094,0.23995374132441036,0.6963175464365505,0.0,0.6963175464365505,0.5710009725043839,3340.140567503687,92.78168243065798,0.2781497190487159,20.64035448245354,7.055134055269065,1.822532097171906,35.151625993936776,1.1148923533110868,25.519009422459686,37.731133227308945,6.803729925023016,10.0
0.3848030209212048,0.2356467008390509,0.7283157999057358,0.026957529500910335,0.7013582704048255,0.5943793214554924,3289.1537067505406,91.36538074307057,0.2812352317048471,20.33179420372708,6.9875571326462875,1.6513751711467668,32.009305723460855,1.0562606127141978,29.597468959529778,46.82415165733195,6.601930523978757,10.0
0.38434279184057685,0.2910600141390398,0.8336651407699884,0.0,0.8336651407699884,0.6561233906385421,2342.928984173848,65.08136067149579,0.43083035181586227,22.949281663489387,7.897454514103178,-4.50515200317454,33.29386213946809,0.994292667590617,31.036914495319337,40.080738771777256,6.482000858102929,10.0
0.29118773384079105,0.25742858408942354,0.6660344620299217,0.0,0.6660344620299217,0.5632225423842555,2419.7504201982297,67.21528944995083,0.4067921086055466,22.710491513676097,7.843668276046799,4.367367387862878,36.682322654879506,1.377374223908623,25.289050362918317,49.75643000838213,6.464459147402171,10.0
0.40679558152773976,0.27653523882719305,0.8530648439759853,0.0,0.8530648439759853,0.6395648886845198,2767.101298115586,76.86392494765516,0.3641158637634756,22.870150992836418,7.311623234340761,-5.181005464750836,31.691982508446472,1.4267047348094593,29.35598250951316,45.58625976995469,6.4210490384852905,10.0
0.36951674287366704,0.29010493542086424,0.8430156494114251,0.0,0.8430156494114251,0.6562923531943501,2743.8633204198677,76.21842556721855,0.40875575321596447,21.982446891785177,7.463021677551488,-2.8508913615473825,40.122017122745454,1.147827039128697,21.91447726990394,35.86249978846129,6.771302011181009,10.0
0.355390774127909,0.2752940498968694,0.8579464068540547,0.0,0.8579464068540547,0.6103892473542404,2001.5430365890916,55.59841768303032,0.5255341478855654,22.432780073031132,7.586267787421246,-3.926759373167015,38.90564216995661,1.1482832295428602,15.816070054740177,46.27415380461949,6.612869116192933,9.353474650496894
0.34207048187264855,0.26619905358342394,0.7592542541533257,0.0,0.7592542541533257,0.5820523342761486,2639.0957845124885,73.30821623645801,0.3536325784126332,21.891591690492728,7.602250913049552,3.0444473476144047,38.42134065379162,0.48048530185672433,32.00352683655371,35.578155442482235,6.243108139403672,10.0
0.34455198850878027,0.2842534601529382,0.7765773397899531,0.0,0.7765773397899531,0.612510467647833,2536.682040652823,70.46339001813398,0.38938654915346493,22.129621314570006,6.9925119503467315,-3.3197535006581234,34.857953693211286,1.2607781875040098,18.95252483720093,52.84354562344684,7.0944997310615605,10.0
0.2957145379462563,0.25789018217679766,0.6631693152632574,0.0,0.6631693152632574,0.5726007072091526,2360.9431601223314,65.58175444784254,0.4326812983987163,22.896695676035442,7.745690890888316,4.517020498439738,37.27862962471029,1.677548504087354,28.730736739974713,43.10050573539215,5.858895322429925,10.0
0.2609416253760021,0.2396272288629947,0.6371080959065071,0.0,0.6371080959065071,0.5428915454193309,3192.727268044214,88.68686855678372,0.321855135358043,20.418049733508678,7.627155977866487,1.7189594326023911,36.74281481451792,1.8504433257470851,31.256196542660543,52.913477472443205,6.2691255072997025,10.0
0.31698631032629687,0.2671650876123607,0.7540614441669096,0.0,0.7540614441669096,0.5937722219860112,2724.7571480369393,75.68769855658165,0.3495874737002712,23.067009529823395,7.088030742415327,-5.102210184558341,37.55809785927977,1.4577722286766543,21.297937832080198,35.29067038708354,5.588398138967844,10.0
0.40187529471622985,0.25843951877110616,0.8035795387414001,5.642020972142919e-05,0.8035231185316787,0.6311930204628523,2920.0219331356125,81.11172036487812,0.33474107878999176,22.914357822018147,6.54820712397574,-5.440271824584295,30.547109582134624,1.4522778164659413,30.814229752052697,43.59860602481751,5.576661073981038,10.0
0.35814978092638117,0.2826683140623448,0.8072816433655424,0.0,0.8072816433655424,0.6386021948747158,2778.8663505983636,77.19073196106565,0.34265568373197225,22.994192475963132,7.033162294799332,-4.931762912841612,34.656011786915556,0.8408754824283395,27.956199697844436,38.44961149495623,5.948373350109378,10.0
0.3821515418038077,0.2304613163980272,0.7316940420823588,0.022422726320847033,0.7092713157615117,0.6139030801151852,3458.031745299956,96.05643736944323,0.2598802532918633,19.787794669337394,7.065316246072431,1.1651769541250045,30.016015755887466,1.2166309483797095,26.761229612886716,42.47207516460077,5.6780565407334285,10.0
0.3146320522598089,0.2593182684473509,0.7108495902797508,0.0,0.7108495902797508,0.582270379280934,2656.1168178032217,73.78102271675615,0.40189263161080835,22.2357922465638,6.9215957476054975,3.3162999194535683,35.625486158632036,1.1988225542477413,18.762386524406026,40.38656538075445,5.34186840933667,10.0
0.38267725096581556,0.2710060224998637,0.7864413594557446,0.0,0.7864413594557446,0.6364595798894376,2751.152258263124,76.42089606286456,0.37216746522143096,21.817286741865058,7.038648811602847,-2.875918973098727,33.59027903292654,1.2445424254134403,20.935120583869285,44.95241775734013,6.160916755410294,10.0
0.3857901257563987,0.2805792392859188,0.8072544895265487,0.0,0.8072544895265487,0.6473520565459849,2117.960429068445,58.83223414079014,0.4750679072872124,22.525573179010845,6.813912219546705,3.8434972721538028,31.292099941938982,1.3843832560648912,29.20882142502961,40.89575880674151,6.459835724042639,10.0
0.41031445166299274,0.27874175039288607,0.867745643567946,0.0,0.867745643567946,0.6331702060293284,2734.533516543171,75.95926434842141,0.3793438360344909,22.906877842143402,6.60974268565959,-4.870448658314135,30.78219679975964,1.832863374921309,24.63032164159396,45.86933701955209,6.083781355588649,10.0
0.27335317209364235,0.24875949273982415,0.7552499447512865,0.0,0.7552499447512865,0.5664497549437209,2545.7558846959596,70.71544124155443,0.39380692174667015,22.17936384158399,7.636764384732857,3.3106023900584383,36.786792695003626,1.889549239525968,36.56355802457122,48.12340326020384,5.96624343296809,10.0
0.40685463110516534,0.29728173101307404,0.8969829670042822,0.0,0.8969829670042822,0.6736131724073815,2541.8514883098396,70.60698578638443,0.3882033976864017,22.945579269254765,6.904440811133604,4.705749731895084,31.615352809857384,0.9138770562640037,21.219292496718868,35.37974469230995,5.1988547091047295,10.0
0.4021402813943935,0.2847463207149777,0.8170961761010731,0.0,0.8170961761010731,0.6485570489410111,2557.4761535946295,71.04100426651749,0.3853766726752743,21.812895165299334,6.87872806699297,2.9931923901481863,40.97148946787228,0.7753466458610525,29.952702701366313,43.67167463919449,5.694389583009641,10.0
0.25861964588517217,0.23385478795615128,0.7027899288389853,0.0,0.7027899288389853,0.528869554431298,3025.824030981159,84.05066752725442,0.28309242392316075,21.124872701424795,6.902914418257716,2.1793286237650094,36.70515813228489,0.9667558185675383,24.56322167395583,41.326318463821586,6.3052571516965985,10.0
0.3516999305169916,0.28663646569165674,0.8218656884829721,0.0,0.8218656884829721,0.6397470024581666,2248.396563777205,62.45546010492236,0.42109166518385077,22.39092871856126,6.673301199242058,3.7177824052092134,33.80118557623198,1.8754721539313355,32.2017394383344,44.73443716603245,6.109192687599676,9.834249207949362
0.2976885787295733,0.2585840876292197,0.7175989726216132,0.0,0.7175989726216132,0.5671834774903187,2742.9194818831215,76.19220783008672,0.31143565388206645,23.048847219038866,7.137071527072301,-5.0583357049822695,36.827352094369566,1.3617551716625174,20.760337739599755,46.36229888041381,5.783443464263942,10.0
0.39734282560492606,0.29242335279798104,0.8498584585300181,0.0,0.8498584585300181,0.6771974363209089,2483.6983159753436,68.99161988820399,0.3818434506822235,22.146983791225907,6.934040659197045,-3.2803967820903908,29.78276800076825,1.0934118123293826,28.631442755270424,51.42579040370423,6.2673707965030445,10.0
0.39374302549137186,0.2873651837120521,0.9076861976179667,0.0,0.9076861976179667,0.6577999658829017,2237.038759898828,62.139965552745224,0.4236208053485478,22.692605443550566,7.166508155266673,-4.125839527637926,41.38613424419392,0.8966597486240194,30.443562962904725,44.738734585542176,5.956800364670203,10.0
0.29136840984762336,0.20773451558527142,0.6386822379883728,0.0,0.6386822379883728,0.5126060536998966,3663.9358608408656,101.77599613446849,0.25906685279237734,18.140970773732107,6.892379450663396,0.0498408921228517,35.480562618091966,0.7949037076099309,20.306786688150556,46.01361339970829,6.557153776149724,10.0
0.3580995859596554,0.27771527329949447,0.8322535604354315,0.0,0.8322535604354315,0.5992098288749712,2797.952205265677,77.72089459071326,0.33308058506401095,21.52541861327071,7.0887771780201625,2.6970694116172904,39.20591681790355,1.212108475716366,29.616349897562472,46.524966934509294,5.817217347587686,10.0
0.3927902176113615,0.23169842455472442,0.741574235208349,0.05380753841500021,0.6877666967933488,0.6202398820859496,3429.7637144282317,95.2712142896731,0.27461869719065995,20.156027599272498,6.247132536092462,1.4301302903403856,30.525851999038238,0.7065662851833425,22.507289265745012,53.412352866886195,6.738665071030471,10.0
0.3161597616584298,0.2692781240813914,0.7647181235951005,0.0,0.7647181235951005,0.6134851394316226,2256.456901785925,62.679358382942354,0.3974776994587255,22.532750989135362,6.341862186587651,3.862442097381285,35.53456330239319,1.329671521289038,28.756820848146145,41.89549087372535,5.169391367522824,9.872462412757699
0.3209238844463394,0.2685557608267222,0.7458389728557304,0.0,0.7458389728557304,0.5850525972910543,2262.1420466121995,62.837279072561095,0.3806174691470145,22.58885271253787,6.152035928686566,-3.7926570831480007,35.58476672999606,1.6023942841849805,29.34035269741649,43.17468966668973,5.750122086484454,9.776089253176677
0.39751269003325196,0.2712157285958112,0.8303096860655804,0.0,0.8303096860655804,0.6127831126060638,2821.0878962507145,78.36355267363096,0.35365912036249897,21.4430886687799,7.7350317957926755,2.580832011286777,41.129048041689785,1.1011918715352382,23.321426671106224,40.522084917022944,6.459503617402859,10.0
0.2732580450978583,0.24869467435134218,0.7359331570138287,0.0,0.7359331570138287,0.5567500195092888,2386.355887820876,66.2876635505799,0.36542497575311306,22.266971734694042,6.413413512601508,-3.376543600442055,36.589427849463334,0.5250404760071702,20.68988753701486,41.378052776474355,5.764235865028707,9.994828354523245
0.3133072177729892,0.27112422727095986,0.7821074879992227,0.0,0.7821074879992227,0.6096436785374467,2863.900722942319,79.55279785950887,0.33090209019593103,21.44219133786022,7.284446056162377,-2.5216537355041972,35.37126857310623,1.7428950232361955,19.275874130407495,52.582534885409615,5.933933235188994,10.0
0.37673066254419124,0.2743938469029112,0.778461708887713,0.0,0.778461708887713,0.6342159992068759,3013.434076358281,83.70650212106335,0.366794063715368,21.114193682150656,6.828113736229806,2.308951670094343,32.81049822233948,0.6392853618707695,19.88248751317929,44.72089086200172,6.012539059394935,10.0
0.38259975097311216,0.2690567273824334,0.7783410626121184,0.0,0.7783410626121184,0.6337971869263683,2895.173372317279,80.42148256436886,0.33775783486311844,23.121663639319593,8.050749227464774,5.2822526338855,33.61145556704765,1.1861855264189065,14.421211578816735,52.89745243378071,5.671728140347829,10.0
0.2712815208214949,0.21864466358351364,0.5948666695404976,0.0,0.5948666695404976,0.5203252782416468,3383.402608442001,93.98340579005558,0.27357043906555895,19.73074144498813,7.517726654860024,1.2269796657477654,35.95633779064707,1.3708266833172993,21.736969768696184,43.69267710133385,6.550077652127104,10.0
0.3410376041314105,0.2804862805102685,0.7945258785633099,0.0,0.7945258785633099,0.6043493563959337,2711.5458039189334,75.32071677552592,0.3191181114550034,23.027543697835192,7.034791017985249,-4.900496535095749,34.94250210778258,1.5844645655937835,33.439331857631366,37.640935701508255,6.027008171687353,10.0
0.38451836484228363,0.2297461366273526,0.7347921001677351,0.037984346387645695,0.6968077537800894,0.5965768117190904,3568.678368531603,99.12995468143342,0.25396808430358586,19.924956660693454,6.847417176910579,1.2793986692028607,29.767989790516097,1.36887730503534,28.84357306207412,30.7073064301158,6.520735231699611,10.0
0.376622084034131,0.28112074340807586,0.841095005016572,0.0,0.841095005016572,0.6328498028922483,2679.950815477911,74.44307820771975,0.36532970514236723,22.88878263096015,7.467331362480319,-5.034143932618162,39.74601986001004,2.2911815288932855,27.989007208348376,50.98467862785259,7.018498534795923,10.0
0.39468707785889645,0.297394357139332,0.8638472194535123,0.0,0.8638472194535123,0.6701553557660598,2342.9289946378603,65.08136096216279,0.41826754514611125,22.80351997508741,7.5019170973544504,4.22560282503499,40.612393570813104,1.2440812634319591,34.47790625834376,47.15703687593543,5.989373234773318,10.0
0.38717822232854626,0.27330679648505046,0.8726749965735927,0.0,0.8726749965735927,0.6447820012644939,3022.012991557566,83.94480532104349,0.29072336834338675,21.275514053115216,7.2094150851811705,2.3053611361068276,31.239088703582773,0.949509764032022,15.85991146567347,46.43839701792518,6.110951918732312,10.0
0.2960729731521814,0.2567026779684824,0.7173665305447475,0.0,0.7173665305447475,0.5807530720937918,2219.645164679164,61.656810129976776,0.41726427031908203,22.333524271431582,7.000913578646877,-3.595593689352464,36.370048179884215,1.7153766975283458,27.892436511302584,45.299041050989835,5.756555505375655,9.591474670929568
0.3939848330462662,0.26620856957061567,0.7852304195560238,0.0,0.7852304195560238,0.6286394738074415,2489.5797322170147,69.15499256158374,0.35338990005304666,23.03604153639416,8.024746133157386,-4.491068935933821,30.8463391900795,1.5702490293792282,22.438355217230505,44.442405320070264,6.267039022186725,10.0
0.32057536498252415,0.26600614144404555,0.7501162343716359,0.0,0.7501162343716359,0.5965764999132726,2408.964659319423,66.91568498109508,0.4146052324367219,22.305899835605814,8.100909410889066,-3.481134482316491,37.83577715369366,1.9197055177251925,21.714297188821316,48.55056043932654,6.754189176875615,10.0
0.3770189544031906,0.28279199038233016,0.803216248496187,0.0,0.803216248496187,0.6425792960714707,2936.8117890031085,81.57810525008635,0.3146715008088769,23.02386524524904,7.303378982019744,5.280298975096118,32.9872989196037,0.9947685652173601,21.772088745050937,60.17391047464929,5.942881498792258,10.0
0.29607749862810273,0.2044617519997426,0.6082771046789331,0.0,0.6082771046789331,0.5223872855847844,3517.7945213713947,97.71651448253874,0.26056405572938235,18.699226938785127,7.275842927434137,-0.4558329329566124,37.67684067017958,1.0253315741616849,21.110797098714436,54.956358357193196,5.876975656247063,10.0
0.3485286837236568,0.274467318407948,0.7750363374552462,0.0,0.7750363374552462,0.599822069268172,2672.62207196771,74.23950199910306,0.40233042252628554,21.955353554241974,6.716252694385545,3.124890431755487,38.51473321715734,1.6100680407144348,18.78303301826733,32.823457491067145,6.0991782355599655,10.0
0.3440601477067339,0.23254914156603687,0.7300637050739759,0.0,0.7300637050739759,0.5797526566743303,3361.6005700784217,93.3777936132895,0.2735191593930465,20.126350207215133,7.125257578947185,1.5004917631855452,39.031228899778945,0.7783501779488995,20.985670696175703,47.47677390230123,6.159277729425543,10.0
0.3868728769687344,0.22726006418799674,0.7615780334803723,0.00448148945652771,0.7570965440238446,0.5797840432389694,3569.322028929638,99.14783413693438,0.24245998804974067,19.1070802868728,6.777319134547314,0.7965446495450106,30.835987729853116,0.8169854659567475,23.76719470647398,48.506569510633426,6.5778344351755464,10.0
0.40136304973795944,0.279440185356074,0.8224824707548906,0.0,0.8224824707548906,0.6255632200934855,2150.7657232874435,59.743492313540095,0.45971002280685663,22.659098387642796,6.897556472593845,-3.9035671986844536,40.85854687970634,0.8558556247984248,34.0014863218271,37.42030673234569,6.765238446053695,9.902722562646872
0.3984559798336574,0.2755349080948096,0.8461126162708283,0.0,0.8461126162708283,0.6401050024654429,2731.0662371811586,75.86295103280996,0.3396397069267653,22.98443336488411,7.255711536676738,4.906268989139045,32.35465348709652,1.0388136813105104,34.61351978260979,43.22946443638779,6.6978673773425035,10.0
0.4145273314661147,0.2565801890297482,0.8541537053377314,0.0,0.8541537053377314,0.6351426848222766,3076.146326050627,85.44850905696187,0.3277988697146858,21.11216296357013,7.203771794757717,-2.1852310423381027,29.96391569658463,1.4257006566160906,19.226909151687035,40.096980336036374,6.209615696266758,10.0
0.252896528084805,0.21301157196312828,0.6131946585181034,0.0,0.6131946585181034,0.5157161422758092,3515.635226046801,97.65653405685559,0.2777273991811993,19.258207529168367,7.833635391192876,0.858189373882964,36.38017062045439,0.6371792472674155,28.648353645276543,52.79384432409364,6.707304857510807,10.0
0.33942619062699664,0.2751586590609025,0.7998046849400596,0.0,0.7998046849400596,0.5870193657682887,3059.9665735150465,84.99907148652908,0.32203240047395104,21.098987687186042,7.814649848329012,2.197535390479727,34.09943631989424,1.0723829287836966,24.28880169489102,42.51738054100743,6.1828176354104185,10.0
0.36444409847471687,0.24618784770771984,0.7982693712345462,0.0,0.7982693712345462,0.590149480363302,3258.8659285045032,90.52405356956953,0.30015433857242674,20.37834631473696,7.57852787865788,1.6415647076983975,39.78939281484192,0.7892376279655409,25.22440922868007,44.56970129804172,6.004731237182172,10.0
0.38601182330613515,0.29562751739586907,0.8199913372105565,0.0,0.8199913372105565,0.6506414851115013,2598.7140516718323,72.18650143532868,0.41496858502717565,23.082223177097532,6.543675864921614,4.8465385066507025,39.52231825359734,0.9101525486761404,33.52985482879004,32.647734769447325,6.474811892099417,10.0
0.38927538678930584,0.2848196355706668,0.7971956836506972,0.0,0.7971956836506972,0.6421941074478938,2135.631694965506,59.323102637930724,0.4293693944501605,22.57447376182949,6.945888204490657,-3.8671711108793616,33.43252227100167,0.8651963273695036,30.49093297653134,37.27606691403131,6.143280263664011,10.0
0.4020184896418653,0.1812916476812476,0.719022990262642,0.08980681717827832,0.6292161730843637,0.552832994251895,3682.535918247819,102.29266439577276,0.2862104748381974,18.251884068456963,7.915057606663291,0.09188012291636305,41.31595249886484,1.287010374527564,24.384763346252345,52.9154757746477,5.5796230068300465,10.0
0.3743448381991927,0.23438026269012951,0.7862677122854093,0.0506936181026838,0.7355740941827255,0.6014620359647742,3503.3958697330245,97.31655193702846,0.28225830688817705,19.636382500726615,7.0301298512941734,-1.0556217018515746,33.10738119293747,1.3961042316754442,33.16578175623183,51.361133249260426,6.44757632875148,10.0
0.2803712670989565,0.1948534851120813,0.5733419146696284,0.0,0.5733419146696284,0.4877024778646689,3670.5042794914348,101.95845220809541,0.2699377036419705,18.330390208026873,6.5165213176017645,-0.284143975691201,35.88670840247326,1.4924490623400513,21.560965690811248,46.2820708923556,6.578689876628623,10.0
0.39267211265902324,0.2809644791049868,0.7937707829683045,0.0,0.7937707829683045,0.6549332195289091,2273.1296615799533,63.14249059944315,0.42681027051796994,22.90714445911595,7.777410191457847,-4.188607211824809,32.673967123038274,1.029780202518152,27.789707167563254,44.28594572304422,6.253838598329174,10.0
0.375839461668261,0.28338984348228696,0.8154189500950223,0.0,0.8154189500950223,0.6611444746074606,2203.1330352621503,61.19813986839306,0.4444874028041686,22.662673347677732,7.066694054754755,-4.024959291399581,41.10694026860715,1.4553498438585128,30.796837594479285,50.5478419618471,6.405748915888929,9.917808015386528
0.41648999530168046,0.2783079202631093,0.8597107776588239,0.0,0.8597107776588239,0.6762847303454942,2940.2674079413205,81.67409466503668,0.3201279841602894,21.34276158892812,7.455429582487284,-2.441168996406169,31.541136938017026,1.128682417265518,25.04735869815368,45.89090526605657,6.51995271127557,10.0
0.39496308940682684,0.27596843193601106,0.8293776690684858,0.0,0.8293776690684858,0.646818211007966,3057.862376744647,84.94062157624019,0.31117137598333244,20.984108907000028,7.577638306007827,-2.1482493586308555,30.05689168046488,0.6996821312459095,31.078402049989894,48.22754504273718,5.949564349806044,10.0
0.3200568384769821,0.20705473545262912,0.6630139494143042,0.014103134230518854,0.6489108151837853,0.5323515058656832,3513.4665348203143,97.59629263389762,0.2781914996497283,19.175285804905574,7.163107560656334,-0.7930646495051503,34.89520354403767,2.0183043427220206,25.045437424762174,40.08770123100574,6.54655745231303,10.0
0.40796943305141004,0.2357123896081188,0.7838258290234391,0.0,0.7838258290234391,0.615446149919809,3370.3792954647015,93.6216470962417,0.3255989620960662,19.781195449462814,7.009702194286284,1.2208630174029107,41.80545699429238,1.2106899936046263,22.819011149854127,40.576108877130935,6.998297512342188,10.0
0.3924435425753097,0.2466804182187445,0.847684889066632,0.02764879768673415,0.8200360913798979,0.6258768388777358,3279.3278579689836,91.09244049913843,0.2921102364475674,20.234869187096862,6.54439783235949,1.480920291600893,40.55679810156093,1.1328779571882532,20.104009354051467,45.62422995819232,6.635192796583324,10.0
0.322809682251022,0.23722905958955554,0.706359442016432,0.0,0.706359442016432,0.5691063083839268,3517.771117055878,97.71586436266328,0.2929920706378943,19.491461926849425,6.864565287679001,-0.9700801375587274,38.78273944126617,0.902225943322682,29.113312845201804,45.63494363363098,5.6963661136474695,10.0
0.40755910920973476,0.24262479667442763,0.8294809177704918,0.08234781076724683,0.747133107003245,0.6249021614789634,3406.584018197166,94.62733383881017,0.2805407547776478,19.466873082277935,6.814508163765593,-1.0033857962843316,40.54582688689371,0.5868529456431989,18.82992609461028,43.25369460654503,6.056675536767516,10.0
0.3761843879736396,0.27258135434873,0.8169740803512547,0.0,0.8169740803512547,0.602350041883077,2581.32661793577,71.7035171648825,0.36842376184204856,22.042717892165562,7.39545197625268,-3.1060862063334183,40.5787383322535,0.9845758480814418,33.852545275950746,47.42992632126885,5.932831803107636,10.0
0.28323290012096297,0.22029800203378855,0.6214709163550652,0.0,0.6214709163550652,0.5358189564881188,3505.0231427647195,97.36175396568666,0.27434874181987895,19.428548151425737,7.191999563653608,0.9713687324990907,35.933843668791965,1.467055495303712,24.24496802516891,45.82012040376567,5.968781838042971,10.0
0.3855896242247685,0.2562211404130867,0.7700236084726573,0.0,0.7700236084726573,0.6142065430778912,3149.1218237219587,87.47560621449885,0.34101688872628244,20.87867799434817,6.3116775487947585,-2.0125499755103835,33.41752024270183,0.8800393782697307,19.229899620238193,45.26489229234505,5.760012136503711,10.0
0.36126538598505764,0.2812577753684869,0.8269424253777653,0.0,0.8269424253777653,0.6278269795428952,2732.5700993981095,75.90472498328081,0.3278703670367679,23.01073538931745,7.09582726198926,-5.103341822948999,39.07295415817625,0.8313618882216389,17.094323493221495,57.224154403554245,6.272428804646782,10.0
0.2807597699278273,0.2184141019986933,0.6472525643257442,0.0,0.6472525643257442,0.5298859235155057,3367.8880184227946,93.55244495618874,0.30010344311353315,19.384304446513593,7.2167314945298,-0.8975995142745354,37.704599663280234,1.2491443560973718,21.01748881830639,43.08339393084785,6.363939828720619,10.0
0.34361154978969455,0.200278035445627,0.7108901982509415,0.04306104934140634,0.6678291489095352,0.573463247801275,3624.2670519511453,100.6740847764207,0.24778252700230075,18.500405336062204,7.274568413437191,-0.28454057400812616,34.13335583803401,1.731380841182851,31.829695584203357,46.95290373394715,6.279940925727799,10.0
0.4120045556335512,0.28175595163238454,0.8379923866891631,0.0,0.8379923866891631,0.6499252885556382,2543.114821621586,70.64207837837739,0.38246631876377707,21.985442003814807,7.462241449470586,-3.018478449753679,30.67138668396279,1.213059034018234,31.80371438692215,39.14724509184913,5.96065903398804,10.0
0.32372315529189116,0.21892062297378778,0.6927806723641002,0.025300141870764188,0.667480530493336,0.5564394654263133,3371.283088073902,93.64675244649727,0.26322892218238164,19.140070834366597,7.334764324558302,0.7970372643432722,38.76019118072792,1.1718132054361647,28.470800162554816,45.94606203613609,7.065308343924687,10.0
0.36981302153145584,0.21817183399437018,0.7015366425985795,0.05418133707352235,0.6473553055250572,0.5760501289638348,3532.985943343668,98.138498426213,0.2817639705275239,19.127331016802415,6.9832996685492965,0.72349090475113,32.754510397443525,0.9454201647489884,27.024479399773526,47.37077660743205,6.551300676531701,10.0
0.40996427368040944,0.28672903180239373,0.831836758552244,0.0,0.831836758552244,0.6479487510601708,3095.9769327398662,85.99935924277406,0.33592752842355905,21.056189167113345,7.6694278402517995,2.222023992214085,41.11648306661886,0.4232607540989263,14.906551964881416,49.34601620471518,6.534971143722984,10.0
0.3577854701435236,0.24037825086780734,0.7222377181730644,0.00582168279332794,0.7164160353797364,0.5843250073299433,3265.269967522832,90.70194354230088,0.32099351828840106,20.511188246769237,7.198896718662411,1.6274333042133104,32.48803513007049,2.1389827735282356,23.00302499167722,32.877990371729844,6.7522808893668325,10.0
0.3935732999134087,0.24346234728587873,0.7773448052466296,0.02095848195921613,0.7563863232874135,0.6037610607902401,3198.40839448993,88.84467762472028,0.3061113038835951,20.432867481697365,6.71794170098763,1.6767636217313475,31.022198361902426,1.0355887874624872,11.507855758743052,49.10231212814191,6.288112136303114,10.0
0.35449535788014724,0.25486910825519515,0.7851144633236613,0.0,0.7851144633236613,0.5898310396084381,3150.9482630153107,87.52634063931418,0.3414335220847611,20.778977990499467,6.8664371047836354,-2.021644329935526,39.805797134348836,2.040091809490511,29.983195197682157,45.3242301345082,6.825168737951687,10.0
0.40018450445654347,0.27531277140316535,0.8034789524516023,0.0,0.8034789524516023,0.6555745710546718,2607.5939880471656,72.43316633464349,0.3905496183388814,22.034341251499924,7.242047457832825,3.161754441845492,31.400725526143727,1.4294396611659672,20.218960810804283,47.90904213400582,5.988915932265957,10.0
0.3980281531702705,0.2078892241663592,0.7708567649437154,0.07631454186249381,0.6945422230812215,0.5890009539577514,3599.5726589790206,99.98812941608391,0.2764528943931357,18.840776056380776,6.959575058213854,0.540588219596474,31.722927021155968,0.8803200576149841,28.424327047261414,40.911637111407344,6.471968653890429,10.0
0.262091255229189,0.21819787489420556,0.6193225004309729,0.0,0.6193225004309729,0.5141445005527494,3467.3727722748163,96.31591034096712,0.2796650638820961,19.04948399339403,7.289163647061319,-0.7543998530212086,36.93234661485846,1.1436856251323488,25.946762125159413,45.2581027615301,6.831497584094615,10.0
0.3896498977150319,0.22819367240126956,0.8345258835362466,0.04263657930731299,0.7918893042289336,0.6038564489218705,3376.4968640965817,93.79157955823838,0.2936655307395476,19.92576141024924,7.071227420830667,1.3861372903516278,40.34456930638456,0.5801511251305074,31.44499874818285,47.69100728919358,6.296207450260625,10.0
0.3925818285476177,0.24209935668657362,0.7268902527122644,0.0,0.7268902527122644,0.5962545204254259,3343.74817782266,92.88189382840723,0.2870813261727717,20.19622440585252,6.827923745701902,-1.532769321047203,31.935789854860708,1.346049927608335,37.53953739763421,52.51928051621418,5.76522342847224,10.0
0.3594824502429007,0.1854945039223285,0.6529922393518132,0.05198806710609816,0.601004172245715,0.5586971750574653,3468.4617525162826,96.34615979211895,0.2841994344332959,18.308488840069675,7.720187883455969,0.14013169067434106,33.34801354396117,1.5166603583349525,28.84041022967968,39.86380084362485,6.972276446187594,10.0
0.3621996465265406,0.2549546113841758,0.8138237587236411,0.0,0.8138237587236411,0.6095823090394122,2891.414815731451,80.31707821476253,0.3514207153481905,21.410225107240105,6.379590889883083,2.6037625733044223,39.1398199941906,1.9797683365766099,25.01916326775246,49.32733480544704,6.111755606521127,10.0
0.42369344674909293,0.2964485615452121,0.8344054477335182,0.0,0.8344054477335182,0.658553050943009,2288.006038949266,63.55572330414628,0.39133878071889067,22.724653757402482,6.747023902504235,4.250431753960784,41.550647683155994,1.3292349478993926,23.425762346210615,55.153253023394555,5.541129523111622,10.0
0.31938882803967944,0.25577855466683197,0.7300367963270527,0.0,0.7300367963270527,0.585595466171906,2492.4373191359637,69.23436997599899,0.4381769781472831,22.962806701531306,7.086814483620277,4.631629170247107,35.70919070890904,1.431542948495849,24.183386956130054,45.19232493885257,6.3702101033954195,10.0
0.3922445286352392,0.18305332126331872,0.705475845806997,0.07025881249013423,0.6352170333168627,0.5633652018431509,3709.268041809423,103.03522338359508,0.2684264837645677,18.042083187424996,7.140768845732675,0.03996217701409144,31.284329031635508,0.3035647165366382,27.035972499117,47.08208439709796,6.567429439201046,10.0
0.3818678676947741,0.189945929836789,0.658693796484688,0.03236233025488636,0.6263314662298016,0.5544655881337619,3710.29965630035,103.06387934167638,0.28316685507758904,18.276727432942028,6.888707757869362,0.2230262621462602,29.6728099675817,1.2748011151589007,17.889996599332555,43.77297215480321,6.4488104234694985,10.0
0.38686830424082197,0.28695043415439475,0.8180559578754745,0.0,0.8180559578754745,0.6435234342436646,2451.449417557007,68.09581715436131,0.3866871289275182,22.13385833027597,7.087257603997781,3.2985745184022015,32.347734771985806,0.9149848888541008,33.10706696349184,54.40164753174881,5.465936938917962,10.0
0.40802133569740295,0.25820552225098964,0.8045375633600926,0.030017021957734445,0.7745205414023582,0.6354654389377701,3119.72255534807,86.65895987077971,0.2953483775929369,20.840309714876867,7.296636173507551,-2.0410423908137862,31.134595500552862,1.1564314260165527,25.18660186780478,39.71552660507081,6.333472393362554,10.0
0.31722413586873194,0.2588802673247629,0.7282249623144337,0.0,0.7282249623144337,0.5722285078921199,2213.125728156231,61.47571467100642,0.4495387658263556,22.437834529761965,6.716551398109978,3.711205985795754,37.90296755279943,1.5741757160086054,29.386704535359613,26.913046830054004,5.977551981384595,9.948573431247516
0.40567569190871494,0.17312277654054326,0.7510954669289206,0.07296926985763581,0.6781261970712847,0.5365019751825439,3666.009995542718,101.83361098729773,0.23809059156129592,18.124271763873562,7.7236805653862035,-0.06444188830834197,31.010723057393786,1.221147685759851,25.635088230324982,55.90768578589582,5.90449219622635,10.0
0.31160177961533747,0.2536275454959323,0.6917098607085388,0.0,0.6917098607085388,0.5890210263954818,2228.842135141202,61.91228153170006,0.42946316783502936,22.62335293342658,6.788960794258529,-4.2255760323120475,35.778491152095846,1.1328898364127657,26.937790923591365,59.17856392934013,5.8452736611031275,10.0
0.3420753572420791,0.279817344910421,0.8403286136256803,0.0,0.8403286136256803,0.5995979582139335,2534.5063504931254,70.40295418036459,0.36078875760418955,22.828952338528076,7.237364157652376,-4.707349382197619,38.108854201971795,1.2868482465757964,27.967329718396652,45.0735121923273,6.132136536204094,10.0
0.2958370385068002,0.26348337283174467,0.7396192294126939,0.0,0.7396192294126939,0.597071901152772,2235.168224275377,62.08800622987158,0.4527927220030483,22.455621772735665,7.605558210701876,3.761925321434095,36.70584595433919,1.1324219285358115,34.41032795999331,46.797109854205196,6.110368691504484,9.951804091066167
0.41627051703400514,0.2972226929466193,0.8827441750579649,0.0,0.8827441750579649,0.6624268405650051,2628.941208341513,73.02614467615314,0.3349434942742363,23.024950661010134,6.5823768094390545,-4.888752914024343,31.977218080584713,0.9336818617109055,20.91861107184348,35.87662176627026,6.060373487312423,10.0
0.36424184943141596,0.27200665403295726,0.8216903576729182,0.0,0.8216903576729182,0.6336204576334186,2968.0953666694986,82.44709351859719,0.2896713182308091,21.19231944198804,6.707080289716519,-2.413274202529785,39.47114412466006,1.4827284779951375,26.471103019673997,36.941333451279164,5.977074652388208,10.0
0.31389981439202075,0.24638091552226885,0.700062322698281,0.0,0.700062322698281,0.5732742189033541,3257.465041616994,90.48514004491649,0.27301644364391975,20.628591577802105,7.478281589940082,-1.8245695544829958,38.37104840723594,1.0687170231713967,24.254582798881273,55.171237942494514,6.175361352203539,10.0
0.33545397448444003,0.27591989571382103,0.7957801868399395,0.0,0.7957801868399395,0.6125958487977602,2285.106359352245,63.47517664867347,0.43572018897750797,22.25146705847869,6.669595970007574,-3.597061102892468,38.663401648552714,0.9486088712837069,36.41423842832916,39.47844277996504,6.502703042478475,10.0
0.40170888619573447,0.2519762020005351,0.7749916417540967,0.03483364163467352,0.7401580001194232,0.6213948628241402,3186.953287599683,88.5264802111023,0.2765378551998809,20.746816751615864,6.53882587424426,-2.0471729321781185,31.125116119310682,1.2641947098663493,28.09057459552075,43.29540804529053,5.943647526007865,10.0
0.38960470301007566,0.27468023197153696,0.8388377182097169,0.0,0.8388377182097169,0.6423188422300056,2861.866901462798,79.49630281841105,0.3254638212157333,21.534581265911076,7.08874348024964,2.6696182339759424,31.03454716526427,1.217511624582956,19.736499379056887,41.28990431997676,6.457843309387177,10.0
0.4003517202045861,0.2597241923253975,0.7769802506895511,0.0,0.7769802506895511,0.6296330216714607,2873.8487365021892,79.82913156950525,0.36528880409749964,23.033120807537074,7.4530643623063995,-5.338488720839221,41.001775632480694,0.9968526213965722,15.369199305099452,51.450450746121284,6.143524787500779,10.0
0.3318455731960911,0.2743259317695372,0.8246007487366157,0.0,0.8246007487366157,0.6194079180635882,2215.608459338261,61.54467942606281,0.40096285296401046,22.410472892811548,6.8869190344355715,3.5989076697275504,34.429969603429264,1.059226663852485,25.33544336454864,40.873608077123066,5.859947185237528,9.989826928869556
0.3806455216888198,0.2911244204237261,0.842537940106809,0.0,0.842537940106809,0.6730500152278474,2062.8888271150204,57.30246741986168,0.5144450967713634,22.61919962236734,6.971413953953505,3.9220282593201397,33.23176377808365,1.3378618521760108,23.4389399188518,55.77696042368262,6.58295506304593,9.683925410326834
0.30691246817931733,0.2270698943456703,0.652670348514867,0.0,0.652670348514867,0.5532745910002015,3394.075782299519,94.2798828416533,0.30735622611277996,20.03777611707043,6.407223198637038,-1.4051226948929703,35.558442162359015,1.289101209773858,21.01449278885387,50.04221633384864,6.4656432571957785,10.0
0.3214059029315363,0.2677548044434144,0.7349711992904594,0.0,0.7349711992904594,0.5890426533645086,2228.1634529642006,61.89342924900557,0.4145947710594923,22.53337458373089,7.382197715246502,-3.8102581103330166,37.71951623826842,0.7222852570204699,23.55745926325355,45.10131205126016,6.478945768875364,10.0
0.3958636813019187,0.23292896974750016,0.8030706647249283,0.01958202499710547,0.7834886397278228,0.5912810364622761,3557.5497447339285,98.82082624260913,0.238676574415671,19.587225386408164,6.787974289452276,1.1092444873958893,41.34972838738243,1.239650732313775,30.253729823003905,41.0126105421857,6.391728051747206,10.0
0.3977435683889795,0.29262114181410975,0.8428267030409139,0.0,0.8428267030409139,0.6879148219975353,2326.619567092209,64.62832130811691,0.42092603178248367,22.659562362247033,7.034233565951478,-4.183601885486162,33.051933213337485,1.9206520137705108,17.74196420128292,29.275428177080894,6.982873227456481,10.0
0.39067673043876117,0.25071752485951776,0.7699016348911343,0.0,0.7699016348911343,0.6255704017380811,3204.7309590049776,89.02030441680493,0.3219476393615307,20.244300667252556,6.835484622039111,-1.4858870281392225,40.967624523469134,1.4925653782536379,19.616352294834215,52.818699834947004,6.236307438281163,10.0
0.3766122482575349,0.27271574349756295,0.7729267389717646,0.0,0.7729267389717646,0.6233153630597223,2836.5546131788706,78.79318369941308,0.33749563569322855,22.967559581586787,7.596386383146903,5.042720989910697,29.808257693189578,1.324922501453741,26.024520834134307,47.69370639053944,5.7796346807589005,10.0
0.30040399118616684,0.24073866894040144,0.6660140177832939,0.0,0.6660140177832939,0.5651779072326286,3019.6558849762473,83.8793301382291,0.32937906338365713,22.982858588792467,6.430762693762524,5.450109198420009,36.38445572485263,1.3147962464471727,15.542276003807025,54.65388173077646,6.043023164697731,10.0
0.3091182515252816,0.2644729068694405,0.7424095731071436,0.0,0.7424095731071436,0.5842233449982611,2564.1788849363857,71.22719124823294,0.4069456595755924,21.92476203302332,6.797998424653066,2.993153804900441,37.36129138484546,1.393600007372291,28.311413505541648,44.34818454093917,6.75287627765484,10.0
0.4163858390770314,0.2510365098301544,0.8526134049914111,0.0,0.8526134049914111,0.6401743064830107,3176.9924788196086,88.24979107832246,0.26659486096164947,20.888711641577913,6.594206790514399,-2.079423390871572,30.813127806509343,0.7393884132950169,24.727000384632788,32.094168643002185,6.142904165486611,10.0
0.384029040230134,0.27762985001998003,0.8279594561913113,0.0,0.8279594561913113,0.6587008416813303,3147.087674122118,87.41910205894773,0.31893288437537254,20.869458722892443,7.450797395250991,2.0643155408270175,31.240211003592517,1.2780723169757024,33.684361370142994,54.514273511358695,6.353948969499057,10.0
0.345880295875906,0.25843176194455836,0.7368368371123071,0.0,0.7368368371123071,0.6093480678715788,2994.494024392431,83.18038956645643,0.286875333320039,21.164930450093422,7.419815029231163,2.25947002032414,34.697017559522166,1.9571287781488749,41.73723031949965,44.132471100041805,5.917186713209533,10.0
0.4072302910414091,0.24075696541528493,0.8059114771556877,0.08553660290044282,0.7203748742552448,0.6126685886669206,3416.9636242136057,94.91565622815571,0.2992311270702931,19.81520751420033,7.081086867915257,-1.2337413531998527,41.48127571057545,1.4904394597967006,32.72147754117084,40.86962814589294,6.246314888662165,10.0
0.2662301014423986,0.22798160527293115,0.6161081974646596,0.0,0.6161081974646596,0.541129650154973,3291.721447061649,91.43670686282358,0.28368483273896605,20.35627273590704,6.534643127391185,1.5497749804477534,36.89092766010622,1.6698317063363393,16.760563053411417,47.10746230471152,6.884904258745179,10.0
0.404443676033987,0.26796304252124,0.8789222521419511,0.030277601901795126,0.8486446502401559,0.6704412048502923,2954.3987716833035,82.06663254675843,0.3471417735748925,22.881002461376006,6.706336113082337,-5.381995905267561,41.06948794784262,1.1795678045327658,18.66489383508815,51.05205811887907,6.4018589113593505,10.0
0.3559892114742557,0.28834158534284965,0.7537278017726096,0.0,0.7537278017726096,0.633512735947083,2504.6858297682547,69.57460638245152,0.36268064648848647,22.021707905187352,7.124882703887458,-3.200365755375344,39.47407535360084,1.808197043636507,17.777917522806604,51.261294618391226,6.281516821174619,10.0
0.30630054906155163,0.20469753511521277,0.6317247003443613,0.0,0.6317247003443613,0.5244752784624642,3653.577419766528,101.48826166018132,0.24607410531141757,18.383156740626273,7.797071977000753,0.27597133263987317,35.29553185928562,0.4131160793804205,15.345442108679602,48.958285212179014,6.556618214286109,10.0
0.3505032888189666,0.27227286524945626,0.7708759159697925,0.0,0.7708759159697925,0.6192285163213977,2186.78204720232,60.74394575562,0.47943253854108847,22.486191981550093,7.160736116397242,-3.698735653158746,39.231066770727125,2.2807997279284575,28.04057959041012,47.93483135408766,5.754067372528047,10.0
0.37498169785232416,0.27893016526461456,0.7747471449973294,0.0,0.7747471449973294,0.6380864899446949,2368.582041143174,65.79394558731039,0.46314103786966565,22.406010744500538,7.0113605788448545,-3.67502445335813,29.72117612131465,1.2347794731452055,18.504879843275212,47.96707591440409,6.490448419442482,10.0
0.38237364287422904,0.2918404170776472,0.8430039757012471,0.0,0.8430039757012471,0.6550830360074371,2268.6709203493447,63.01863667637068,0.4501749709937726,22.387541352317626,7.383528205611757,3.699347196052617,30.853385559895113,1.5354797182863054,31.584820939889,38.67011284100719,5.557331976800512,10.0
0.38350613884891577,0.2661483557926579,0.7608994165822743,0.0,0.7608994165822743,0.6330042638931135,2957.2730319664443,82.146473110179,0.3062918327525226,23.006173688053067,6.8439620552378315,5.38046302951966,39.78491482454593,1.3453017397183824,40.53973061354345,50.59298989791862,6.301920732614984,10.0
0.3646590303301769,0.2170850308294553,0.6932706479093708,0.02761886100323282,0.6656517869061379,0.5611305815761746,3514.0149742400085,97.61152706222246,0.26168340762052283,19.044858580215344,7.367524478339389,0.6156637083129324,39.380531895232004,0.9072304268066702,19.36172322444337,50.55338693012907,6.605757594923089,10.0
0.38493486799009397,0.2758554646547228,0.8400897488207938,0.0,0.8400897488207938,0.6668706004207564,2337.8974535352318,64.94159593153421,0.45064749055643466,22.452772219109637,7.297281147961506,3.7297670396988476,32.384745200383776,1.5567854600915894,23.592836352957754,45.16929998348787,5.931541490548868,10.0
0.29494375130323786,0.24386056743772005,0.7022384208999011,0.0,0.7022384208999011,0.5366477423970588,2902.5456868953784,80.62626908042718,0.3285851820208215,22.917900768130764,8.096222260446783,5.393538307588997,36.08154292342826,1.1347489094502172,19.825319419949558,45.95677725543367,5.917931578589705,10.0
0.2973173176089589,0.26303310749344927,0.7875031694977157,0.0,0.7875031694977157,0.5714232167353915,2002.7845127738426,55.63290313260674,0.4366970901140264,22.738380589246887,6.856828883525914,-3.9424452257434783,37.014596176680136,1.7284375929518387,23.14176408954012,46.86655526804276,6.6609314726432585,9.18316789999569
0.3957103520583549,0.21926948832016518,0.7099465943196663,0.020219360587188484,0.6897272337324778,0.579808573647829,3514.0791528194804,97.61330980054112,0.2872753205990632,18.737133514493067,6.805546054289847,-0.5692982542021383,40.25996302682254,0.7234055864109774,25.60526610383372,48.13828296397938,5.432284532652369,10.0
0.2687492646200121,0.2291309472940825,0.6767554701625932,0.0,0.6767554701625932,0.5352526110487099,3427.5489704218944,95.2096936228304,0.2512099781229399,19.712605128851425,7.343875939907205,-1.1817001257388817,36.9785287510002,0.7158509097905539,33.74424168054517,43.74191177949511,6.762111022490638,10.0
0.3472194671703321,0.2757477184769547,0.7573480110218215,0.0,0.7573480110218215,0.6337936134085153,2428.9054723433496,67.46959645398194,0.4095672203480509,22.857212894180723,6.631927399455492,-4.619457879891964,34.61588745899363,1.1515558683153384,25.02773265619885,44.9414675249556,6.136221089566673,10.0
0.34293405213440964,0.27557765811636903,0.7836594221796895,0.0,0.7836594221796895,0.6196498688545484,2741.70181529806,76.15838375827944,0.32959439081017405,21.67707933145687,6.942703474686805,2.8086319007421885,34.139882138249064,0.22023698860428353,17.75471700236922,44.051068132825975,6.585014325816366,10.0
0.3326797136174302,0.21319517133308133,0.7085587928655395,0.0011541399017484244,0.7074046529637911,0.5514019822604979,3568.3284756750295,99.12023543541748,0.2808123527514052,19.080206841904417,6.5620567009700785,-0.7284306994514775,34.780937871031526,0.7282543319991861,24.127354707161526,51.77487149510355,5.8200508699692275,10.0
0.290604555986475,0.20680131957359837,0.6508109758417155,0.0,0.6508109758417155,0.5302524091172423,3549.266860143369,98.59074611509358,0.26883609644938283,18.39410403499991,6.372838050297544,-0.33740372390558626,37.58394471719168,1.3908930743948094,38.75497375563792,39.466697441122626,5.942203433638787,10.0
0.3880452173093516,0.3023639091618867,0.8432708383816456,0.0,0.8432708383816456,0.6583230152205889,2240.875468403797,62.246540788994366,0.4392123653384355,22.78823421667542,6.693633070157176,-3.8425972880543577,40.25688383372883,1.4059314022710778,24.500691204749156,53.71525103689898,6.417288965872716,10.0
0.3487006830205773,0.2842458223676265,0.8426931787895289,0.0,0.8426931787895289,0.6293071334734599,2431.141915279938,67.53171986888717,0.39964497894122814,22.244087257839425,7.343668884754656,-3.5098068254604504,35.128321337746115,0.6072587124822938,26.731562280093954,47.394296239368714,6.534549823346809,10.0
0.3925140067060338,0.29081977271595294,0.8729500712902158,0.0,0.8729500712902158,0.6510447263036138,2371.0786518250343,65.86329588402873,0.4238140450672022,22.908551922831627,7.46919832258714,4.478139843718365,32.57321058059684,0.8339020614343825,28.173102892077978,44.32012399472833,5.705800165387458,10.0
0.40748086352255847,0.28193834479317903,0.8283518776553006,0.0,0.8283518776553006,0.6389922028062612,2795.5737249758413,77.65482569377338,0.31292951140526737,22.84786944457321,7.003005902062615,-5.008860021282932,32.43461330117,1.173614747780731,27.71036833655346,40.17462917104891,6.365411569474273,10.0
0.3475243882458018,0.26545937605400377,0.7394262805197601,0.0,0.7394262805197601,0.6226523453404504,2699.41401655298,74.98372268202722,0.3543734106196337,21.843991578106,6.4777074986549685,-2.9386248656192313,38.75057707501873,0.7288042520841255,23.310170877808886,42.97933125147178,6.747844108699451,10.0
0.36604465186122387,0.26058009390289016,0.7615584203267745,0.0,0.7615584203267745,0.6228918275566022,3028.4086892965083,84.12246359156967,0.27447172275688614,21.299549500959515,6.574693431709399,-2.287347366540188,39.62545266645649,0.6209258986481054,37.95460132553997,41.194593006602645,6.74740508017538,10.0
0.39203561934498715,0.18369205294675292,0.6722900525868183,0.09463220518218456,0.5776578474046338,0.5523495963800822,3555.9395748451366,98.7760993012538,0.2646796145948938,18.100631898591743,6.7128157395138,-0.10782703358254953,30.80544819019115,1.3006922814653596,31.887430803551695,38.63584621964898,5.4960234436616995,10.0
0.3892388234407451,0.22463012521760883,0.7118809689008987,0.06302513948431435,0.6488558294165844,0.5953468424366996,3491.907135373356,96.99742042703767,0.2759864688823862,19.365007398701593,6.590422152216927,0.9508969031627554,30.325329826244207,0.875759653978114,26.40834002068808,44.71751369459316,6.223397204897158,10.0
0.2502315124987235,0.17222964210047906,0.5258170819972001,0.0,0.5258170819972001,0.47294603341897257,3694.287086168727,102.61908572690908,0.2687541713859212,18.162437985550696,6.997235705954388,-0.0738102656426678,36.87097743058,1.3342187230588451,32.03604515464069,46.2962277888638,6.084531484557642,10.0
0.4022495386446041,0.2823788473758457,0.8575524514466883,0.0,0.8575524514466883,0.651592695404314,2501.8805654961343,69.49668237489261,0.367495574361071,22.971277907066007,7.724342457604326,-4.574731319874298,31.31254822798946,2.17396917085941,21.930863545564076,54.09189065235023,6.6860416603587005,10.0
0.35683823274848175,0.2666881743583579,0.79251818506366,0.0,0.79251818506366,0.6167278121368389,2714.2619963850925,75.39616656625257,0.3841097435467808,21.720869806443265,7.24278516413991,-2.8196580053871507,39.72583596165863,1.0665432567909208,15.851518125050932,43.846205870694135,6.107088340495446,10.0
0.3764407556469849,0.2927113995099775,0.8102967993396362,0.0,0.8102967993396362,0.6391937516703862,2263.633862496431,62.878718402678636,0.3940811292051279,22.424472218652024,7.553156653496146,3.7794722323879526,33.348149956658524,0.6474778710613797,21.018826856139427,27.895029482976504,6.416763248909451,10.0
0.40462575265437967,0.2575034876640314,0.7834284790055707,0.02378165499924452,0.7596468240063261,0.6614240467610366,3296.774370351609,91.57706584310024,0.2504840891198883,20.27707884680946,7.395304126728941,1.5134757052630494,31.28401196884217,1.4957826438091504,30.308635248462508,27.87809855545357,6.242841010698416,10.0
0.40415065103406794,0.23321141035177598,0.7452263410281773,0.012749310624746941,0.7324770304034304,0.5863862139450855,3197.3341250194435,88.81483680609566,0.33894195844496544,20.423900823531362,7.74473690317555,1.640639551477018,40.920033858844384,1.2175225992065426,20.875518229462646,54.82112292394773,6.15989163743406,10.0
0.3997842763206642,0.25111564621782057,0.7582772239828988,0.06229376247384842,0.6959834615090503,0.649954474236358,3325.4219704358597,92.37283251210721,0.2891451870291914,20.586898951446756,6.754329280143459,1.8722358088649047,31.552593361917445,1.1881617215284808,29.924043445905777,49.10317249999948,6.030204320924548,10.0
0.36654409425832424,0.2653449099575338,0.8338479878368799,0.0,0.8338479878368799,0.5958601279182401,2645.280550622127,73.48001529505909,0.37252827343580996,21.84970105915687,7.801703206673025,2.8919332094348196,33.0305290209904,1.4100277448207812,17.906919311951185,55.10115884798961,5.576568887974709,10.0
0.4133014777604795,0.2845503288563316,0.847087152987476,0.0,0.847087152987476,0.6501382242711418,2685.971294707405,74.61031374187236,0.32962750924997064,22.99210659304603,6.833064425879854,-4.860806701064079,31.404806100381528,0.7615960869755436,32.80989247075449,56.82466016961341,6.590367533011275,10.0
0.4123927258727272,0.2331777925525968,0.7507093572602654,0.060734807672538055,0.6899745495877274,0.5978809322029268,3390.3347995357067,94.17596665376963,0.28166910674907775,20.179730896342395,7.352023883895878,-1.467307765741264,30.932076789450402,2.131720061207045,35.07586880614343,45.17458892250225,7.077356324726831,10.0
0.37889805457690795,0.19532193830405967,0.703739681576519,0.09223440655925166,0.6115052750172674,0.5624867961292987,3639.5640872333133,101.0990024231476,0.25431785203883284,18.686831444358884,6.681479215500454,0.4348017878784658,29.762235402571857,1.4364853409344562,18.986413560057784,42.442857422972104,7.013834599635774,10.0
0.40928848649275895,0.245908964586236,0.8043153003096757,0.024383870607168484,0.7799314297025072,0.6275436423134427,3353.077392193266,93.14103867203517,0.2971611406496621,20.589694602114236,7.045081033778676,-1.7769786837294137,30.186903073636824,1.3222826715075395,31.456519539431678,35.06000102964634,6.0548497578301745,10.0
0.3886769973452722,0.2765282006987275,0.8678809751130104,0.0,0.8678809751130104,0.6488815138194596,2092.955984974321,58.137666249286696,0.43857062217944215,22.654592907813694,7.785292966794998,3.7892676061590524,31.665554239604575,1.9432933915560142,29.433271196167382,40.01222373496863,6.423113268767798,9.749281064915415
0.39864251696621306,0.19571125122131383,0.6907395677194124,0.08523127850694301,0.6055082892124694,0.5570793340082627,3586.617206066231,99.62825572406197,0.24485400259192236,18.32788133466027,7.288848701539795,-0.19170240553976647,30.161935964576976,1.1852862905870611,22.495511438652404,40.554073482644945,6.41683681348321,10.0
0.27224255546179954,0.2387523240428261,0.7297645317060937,0.0,0.7297645317060937,0.5429110863140985,2727.318799023504,75.75885552843067,0.3465787394125243,22.05420961870964,7.397878859031259,2.9549034840531707,36.83018331977604,1.8783726645067669,23.294441551656444,42.53439836265524,5.846971323786377,10.0
0.3239605936238471,0.25895179687160363,0.7484718010416558,0.0,0.7484718010416558,0.5818727362582475,2122.936274037545,58.970452056598475,0.407923948913273,22.531233083064613,7.4071952546601665,3.8721706856928595,37.94086013231388,1.9557806784047975,23.047924288210623,49.30484175084634,5.611610260809819,9.636088934121048
0.33799300430883594,0.1973368282292899,0.6741571656184001,0.04767226779581116,0.626484897822589,0.5266919767948892,3551.705780120912,98.65849389224756,0.27873928747843824,18.14627255198357,7.86393866534115,0.05270631193847919,34.38101766471715,0.916142534938635,19.547850703847743,45.935965546858796,6.686871744049737,10.0
0.3633575857098743,0.27882192837519215,0.8008003783210016,0.0,0.8008003783210016,0.650083839112702,2467.7296261144756,68.54804516984655,0.39099120105878044,22.82155383095881,6.5632269883687435,4.5050746825848496,33.44308960220541,0.5609894075263299,27.253180283876485,47.459832962284715,6.388976910542326,10.0
0.2903921752191241,0.2174822816731871,0.6668952699595068,0.0,0.6668952699595068,0.5393799090689099,3538.583759017711,98.29399330604753,0.2693513439838,19.30595939404428,7.6784677990894785,0.9583633459067862,35.75612533907565,0.7431026918235575,29.75249501348019,48.89078779291398,6.157405150016956,10.0
0.40028407919827264,0.30045398986059346,0.8747599345763992,0.0,0.8747599345763992,0.663624263896154,2224.298542363405,61.786070621205695,0.45153978847038506,22.561390234801436,6.270560039114237,3.853017287170939,40.350061283709145,1.5848688140477,24.583375665076108,44.97577313740784,5.695308127492736,10.0
0.3807102181548567,0.26120902024607123,0.7923042404761516,0.0,0.7923042404761516,0.6359719690422594,3298.5288711836483,91.62580197732356,0.26391644635420286,20.400483214821538,7.562259409631945,-1.753501248493233,40.054032172595356,1.8646045315022566,27.651823296112994,50.12144840602331,6.19616908604096,10.0
0.38325247573408217,0.17780871580308483,0.656670977536229,0.024107157957105635,0.6325638195791234,0.5289613793787862,3649.1486239036903,101.36523955288028,0.2566293902409783,18.194617556822287,6.768698135934011,-0.01301345615366234,30.03909076895862,1.4551355663291183,28.717592858022574,43.84697329658656,6.291110067810315,10.0
0.39632772519116677,0.19559746674432807,0.7223764389880158,0.02567059148496824,0.6967058475030476,0.5575490048166287,3629.3267223399957,100.81463117611099,0.2707584151903431,18.44864393802954,6.8446516094322885,0.34552145105035503,31.7505802789969,1.7285631199625553,17.91445425157256,44.186074537245496,6.2022648708844725,10.0
0.4049033657487261,0.28708931278321154,0.8647618504445062,0.0,0.8647618504445062,0.6500195388925056,2455.3653059429876,68.20459183174965,0.40194821303052974,22.86760934655622,6.8723954556055915,-4.345223125143224,32.43563640169451,1.507881799259226,32.12987872358326,44.01222533353547,5.913679399825338,10.0
0.3813542415185169,0.21369338033052088,0.741999072428662,0.03906847969126308,0.702930592737399,0.5687754304867205,3470.625075030158,96.40625208417106,0.2591320818640367,19.60473342374987,7.089212192563618,-1.1159224262830527,32.59240594031942,0.4349512144305292,15.578695853665256,56.872223868543614,6.595563294627696,10.0
0.28254726008483505,0.24293947500331303,0.6510393773230341,0.0,0.6510393773230341,0.5415948953213279,2419.6786065718816,67.21329462699671,0.4087970019271183,22.922718762914474,7.641480343672502,4.590714398068437,36.58328488161038,1.189405336969788,33.52900757171193,46.35356539189537,6.445657141349914,10.0
0.32832749177737436,0.24351142173071103,0.8333142626917384,0.0,0.8333142626917384,0.5792022562731929,3360.4955855553235,93.34709959875899,0.2922834126118256,20.17620555172753,8.536492838911762,1.4391546440121665,34.661654078719586,0.44231163639020454,19.254773003982486,43.69614956088862,6.359577311451622,10.0
0.39950081685483724,0.2986794305122863,0.8029856477560691,0.0,0.8029856477560691,0.6617699181472658,2465.86812237217,68.49633673256028,0.40090341127154566,22.33434514751254,7.141391445364221,-3.5474275931933574,30.110751087102166,0.1328479251895256,28.238264476251906,29.183869434984217,5.936500798192005,10.0
0.3638627857450059,0.24190638927167457,0.7080464264792609,0.0,0.7080464264792609,0.6127683021001393,3267.416725404498,90.7615757056805,0.26361603814779133,20.52350648340452,6.385312581433176,-1.7725880082943455,34.132815316898686,1.3073387972247705,22.24847264608875,41.43413788311802,6.205898261814474,10.0
0.2994238354674073,0.2559003018994616,0.7174887493893166,0.0,0.7174887493893166,0.5883418331884518,2506.6199593535002,69.6283322042639,0.3849014984905621,22.10618928901097,6.904866576768438,-3.3923668937103018,35.9945365640987,0.8470144283526285,27.734262373549488,43.389372066756174,6.494983076030893,10.0
0.38579079951302997,0.263182577959102,0.8335492921372228,0.0,0.8335492921372228,0.590039908408134,2876.959028606682,79.91552857240782,0.32281996507926364,23.116715422101695,7.518903917573475,-5.226945550215702,30.760731596006078,0.6921178530330345,24.127943686615424,47.22120283403241,6.022696035148546,10.0
0.37942189386980046,0.2769993064250871,0.7806366457166269,0.0,0.7806366457166269,0.6216125729611397,2537.96772238069,70.4991033994636,0.3472815247381439,23.06856125621492,6.940007295197002,4.7020650435442946,39.83488606697814,0.6363745365298601,32.75882922883925,43.334937303967486,5.987037440974773,10.0
0.3880491319353022,0.21465096120518784,0.7230600913411295,0.041183568925099,0.6818765224160305,0.5617458599566983,3634.896694416273,100.96935262267425,0.2632270080980441,18.907079085411194,7.535316562659,-0.5697193891744137,30.144327144167292,1.1801142708199732,22.02152011079079,47.60212332162187,6.671901086422397,10.0
0.37441322467277177,0.2671160913535682,0.7831972743273866,0.0,0.7831972743273866,0.6154406643186257,3069.357168834348,85.25992135650966,0.31576138132768933,21.036461734817905,7.394911073824577,-2.1171142033713526,40.96803917582397,1.6132499903647677,34.67326431596964,47.05256684232207,5.958764093322399,10.0
0.39398165410336433,0.23287708727358278,0.7675882689597806,0.012936431667432538,0.7546518372923481,0.6129133589150177,3448.8664390680337,95.8018455296676,0.2796889038467291,19.652034019621222,7.00379692408978,1.083249107135103,30.729002955590456,0.9441513606913021,30.522348049867045,50.34606711646669,6.107983601835255,10.0
0.38548113063789985,0.27550216852371756,0.8119326813876773,0.0,0.8119326813876773,0.6129263489124643,2915.5648955333704,80.98791376481584,0.32575068257525597,22.9295217500687,7.039454336323615,-5.419540980776828,39.96032939981213,1.0353037848437259,23.310554262407635,48.523226016943106,5.5257512906310335,10.0
0.3761439520075884,0.2558576892814636,0.764180975790579,0.0,0.764180975790579,0.5996832240850681,2926.495035018829,81.29152875052303,0.37105909342900073,21.45588197883764,7.029703241168473,-2.441756827391048,40.69289898470245,1.5160058729706338,24.106709107459835,40.42279298051915,6.096298616935377,10.0
0.39640566904357744,0.2785589715918216,0.8300914714806092,0.0,0.8300914714806092,0.6337428719205991,3003.7996001268916,83.43887778130255,0.32425389522024606,21.125758154083535,7.010527447519841,2.2333681226878186,41.64667643927375,1.2040924669135333,23.13663015968677,46.871935270125554,6.663482413573332,10.0
0.36609157432786626,0.2360641277100624,0.7571217247836853,0.0,0.7571217247836853,0.5788740192219626,3291.26572954062,91.42404804279501,0.32883239860391383,20.163177659026147,7.25630141706371,1.4714675037618923,39.44512091539256,1.5367174709365314,21.57746238953862,45.0136177547528,5.626085314779964,10.0
0.36289085183134806,0.2608098955131891,0.7441632555885164,0.0,0.7441632555885164,0.6136544196985511,2902.998772653402,80.63885479592783,0.31016748680739836,22.939748563918883,7.200955901789886,5.2998654229678905,39.16552150556448,1.1785521286910414,22.65928019528569,45.98393643153674,6.3057710436593775,10.0
0.296523357926467,0.23607187093117246,0.6561409742922881,0.0,0.6561409742922881,0.5718978173942599,3396.8347355478686,94.35652043188524,0.29685280265732417,19.91689347798197,7.470019733405913,1.3239348062384844,37.46679262234479,1.2716068172563764,26.40952490125186,46.67922547808432,6.5945568669074,10.0
